run,type,rate_per_min,think_snr,policy,seed,req_started,req_done,req_failed,failure_rate,session_fail_finished,tct_n,tct_p50,tct_p99,chat_wait_p99,block_wait_max,n429,timeouts,evicted,deadlock_breaks,cycles_seen,token_waste,tool_waste,kv_unused_token_s,prewarm_idle_s,prewarm_hits,lease_cpu_issued,lease_cpu_unused,lease_budget_issued,lease_budget_unused,par_groups,par_groups_parallel,jain_all,jain_survivors,util_model,util_cpu,throughput_rph,wall_s
type=uncoordinated_rate_per_min=1.0_think_snr=0.0_seed=1,uncoordinated,1.0,0.0,uncoordinated,1,387,353,2,0.005633802816901409,0.02127659574468085,353,133.79299915825504,2021.7116911039107,3.0151173625599323,600.0000000000005,0,59,0,0,0,0.003776217484296324,0.40509297911981235,4424504700.671736,0.0,0,0.0,0.0,0.0,0.0,196,73,0.7592500955502655,0.7691104864015678,0.3641217927633709,0.18913908224044187,192.54545454545456,0.1
type=uncoordinated_rate_per_min=1.0_think_snr=0.0_seed=2,uncoordinated,1.0,0.0,uncoordinated,2,400,345,2,0.005763688760806916,0.027777777777777776,345,155.5918477190653,1430.5410701620724,19.02894964894247,600.0,0,40,1,0,0,0.0037400242917384435,0.26738783820056383,2650517830.359102,0.0,0,0.0,0.0,0.0,0.0,184,40,0.6503439560424935,0.6587899814456428,0.4376046648658055,0.21897597977481287,188.1818181818182,0.12
type=uncoordinated_rate_per_min=1.0_think_snr=0.0_seed=3,uncoordinated,1.0,0.0,uncoordinated,3,441,376,7,0.018276762402088774,0.06521739130434782,376,97.34240174718639,1908.1480258312297,0.0,600.0,0,86,0,0,0,0.0054117822304385185,0.382707920414841,4364679300.285077,0.0,0,0.0,0.0,0.0,0.0,174,39,0.6342201173403031,0.6523026854167385,0.3958278349966007,0.2238535214842816,205.0909090909091,0.12
type=uncoordinated_rate_per_min=1.0_think_snr=0.0_seed=4,uncoordinated,1.0,0.0,uncoordinated,4,447,414,3,0.007194244604316547,0.02040816326530612,414,55.59870396170993,1919.3107267351945,1.0571714147643727,600.0,0,44,0,0,0,0.010807246955543425,0.3985811179489509,4187274795.2058034,0.0,0,0.0,0.0,0.0,0.0,169,86,0.8138039401305962,0.8263687459589564,0.37737221277680655,0.19083039203226582,225.81818181818184,0.11
type=uncoordinated_rate_per_min=1.0_think_snr=0.0_seed=5,uncoordinated,1.0,0.0,uncoordinated,5,603,524,7,0.013182674199623353,0.07368421052631578,524,78.95138231460442,2693.1718991548005,7.523920860521285,600.0000000000005,0,185,0,0,0,0.004085162822895994,0.33745203302887883,4770179046.969136,0.0,0,0.0,0.0,0.0,0.0,181,24,0.5547603930466217,0.5721970381190378,0.47915197731319614,0.2657400823745613,285.8181818181818,0.15
type=uncoordinated_rate_per_min=1.0_think_snr=0.5_seed=1,uncoordinated,1.0,0.5,uncoordinated,1,388,345,5,0.014285714285714285,0.045454545454545456,345,135.8869036907472,2106.431825230762,0.0,600.0000000000005,0,76,0,0,0,0.00568240204439524,0.3920279456728536,4816972267.769364,0.0,0,0.0,0.0,0.0,0.0,199,74,0.675127495743016,0.6931704348504992,0.3607955957653458,0.18488387304532067,188.1818181818182,0.1
type=uncoordinated_rate_per_min=1.0_think_snr=0.5_seed=2,uncoordinated,1.0,0.5,uncoordinated,2,413,348,3,0.008547008547008548,0.0410958904109589,348,163.95766619213214,2104.7936349092383,18.24683308467311,600.0,0,51,1,0,0,0.009887878124358037,0.28495081200931943,2823881514.397503,0.0,0,0.0,0.0,0.0,0.0,184,46,0.5984472045510707,0.605716936252495,0.4478095642887206,0.20930045966546376,189.8181818181818,0.13
type=uncoordinated_rate_per_min=1.0_think_snr=0.5_seed=3,uncoordinated,1.0,0.5,uncoordinated,3,425,359,5,0.013736263736263736,0.047058823529411764,359,102.24636965811897,1711.2383803150483,6.285067564699541,600.0,0,98,0,0,0,0.004230714343265503,0.4317330509043469,4500526682.0006075,0.0,0,0.0,0.0,0.0,0.0,158,40,0.6160438933364341,0.6261981822586639,0.374218625032375,0.20282153418807186,195.8181818181818,0.11
type=uncoordinated_rate_per_min=1.0_think_snr=0.5_seed=4,uncoordinated,1.0,0.5,uncoordinated,4,454,416,2,0.004784688995215311,0.02040816326530612,416,55.43867851186667,1760.0695759279229,0.0,600.0,0,45,0,0,0,0.0034194506676695677,0.3597691993645082,4594190741.368901,0.0,0,0.0,0.0,0.0,0.0,152,65,0.7699602862470545,0.7798315719681705,0.3661870228931948,0.18834839414395077,226.9090909090909,0.11
type=uncoordinated_rate_per_min=1.0_think_snr=0.5_seed=5,uncoordinated,1.0,0.5,uncoordinated,5,630,540,9,0.01639344262295082,0.09473684210526316,540,79.3003338383271,2843.7996496276423,1.6647475025544736,600.0000000000005,0,202,0,0,0,0.005580210725494501,0.31359931386965106,4920253319.819556,0.0,0,0.0,0.0,0.0,0.0,175,21,0.5331711978795364,0.5535250681246434,0.47953259790614483,0.2615544920467025,294.54545454545456,0.16
type=uncoordinated_rate_per_min=1.0_think_snr=0.9_seed=1,uncoordinated,1.0,0.9,uncoordinated,1,373,331,6,0.017804154302670624,0.054945054945054944,331,177.10821607813432,2471.055045883716,3.746751077008513,600.0000000000005,0,96,0,0,0,0.007861746244099384,0.3850114083811012,4523621551.518825,0.0,0,0.0,0.0,0.0,0.0,209,63,0.6407266864883412,0.6618457318308856,0.37267889963335277,0.190112358750329,180.54545454545456,0.1
type=uncoordinated_rate_per_min=1.0_think_snr=0.9_seed=2,uncoordinated,1.0,0.9,uncoordinated,2,407,341,4,0.011594202898550725,0.05555555555555555,341,173.11141660292014,2113.0427465635544,6.935210998491534,600.0000000000005,0,81,1,0,0,0.0023913170204188415,0.3338111606265333,2986447931.0447874,0.0,0,0.0,0.0,0.0,0.0,186,43,0.5801667673031194,0.5909673454117823,0.42650036145509584,0.21066544700290868,186.0,0.12
type=uncoordinated_rate_per_min=1.0_think_snr=0.9_seed=3,uncoordinated,1.0,0.9,uncoordinated,3,423,357,7,0.019230769230769232,0.06896551724137931,357,78.62911074769909,1637.2335685138082,0.0,600.0,0,93,0,0,0,0.007005997175330223,0.4335620642005368,5323470646.97599,0.0,0,0.0,0.0,0.0,0.0,149,44,0.6247449257445878,0.6420099506838005,0.3427543164416602,0.2112811532886703,194.72727272727275,0.11
type=uncoordinated_rate_per_min=1.0_think_snr=0.9_seed=4,uncoordinated,1.0,0.9,uncoordinated,4,473,427,2,0.004662004662004662,0.02247191011235955,427,41.378075850978576,1873.4823199699906,0.0,600.0,0,63,0,0,0,0.004686868285755127,0.36122300430526005,4599320289.254004,0.0,0,0.0,0.0,0.0,0.0,155,53,0.7103801038943051,0.7194875411237193,0.37095934882883325,0.19763349888637033,232.9090909090909,0.11
type=uncoordinated_rate_per_min=1.0_think_snr=0.9_seed=5,uncoordinated,1.0,0.9,uncoordinated,5,602,508,10,0.019305019305019305,0.09782608695652174,508,81.40768394064685,2532.0546708256884,7.845823929970046,600.0000000000005,0,223,0,0,0,0.00606031775019213,0.3157656365463488,4945221516.763347,0.0,0,0.0,0.0,0.0,0.0,164,21,0.5243457717067838,0.5469587834441086,0.465199112689394,0.2603408980477706,277.0909090909091,0.16
type=uncoordinated_rate_per_min=2.0_think_snr=0.0_seed=1,uncoordinated,2.0,0.0,uncoordinated,1,616,492,7,0.014028056112224449,0.050359712230215826,492,177.65406354315678,2112.2835308586964,19.270821895753283,600.0000000000005,0,270,1,0,0,0.002067941954940711,0.35660116807734765,3693639531.6735096,0.0,0,0.0,0.0,0.0,0.0,274,32,0.5169424403679067,0.5288416224671106,0.6012413629524411,0.24266542988411247,268.3636363636364,0.19
type=uncoordinated_rate_per_min=2.0_think_snr=0.0_seed=2,uncoordinated,2.0,0.0,uncoordinated,2,686,512,19,0.035781544256120526,0.13380281690140844,512,140.09881831050006,2630.4624959917787,12.2481946426507,600.0000000000005,0,443,3,0,0,0.009741370818828,0.3388566535705316,2996871230.5481787,0.0,0,0.0,0.0,0.0,0.0,247,23,0.4182289692475473,0.4412076848088159,0.5727869068367974,0.27822087316773353,279.2727272727273,0.21
type=uncoordinated_rate_per_min=2.0_think_snr=0.0_seed=3,uncoordinated,2.0,0.0,uncoordinated,3,770,554,34,0.05782312925170068,0.19375,554,73.56534600754162,3081.950479156563,8.840636462053062,600.0000000000005,0,615,0,0,0,0.016124060354335907,0.4396904049251733,4587807695.295256,0.0,0,0.0,0.0,0.0,0.0,276,19,0.3947803496134008,0.4223087505545443,0.5561457757502914,0.24797747259072425,302.1818181818182,0.22
type=uncoordinated_rate_per_min=2.0_think_snr=0.0_seed=4,uncoordinated,2.0,0.0,uncoordinated,4,695,558,10,0.017605633802816902,0.057692307692307696,558,98.94350870239168,1992.786087356778,2.452603770157498,600.0000000000005,0,238,0,0,0,0.013792805678159568,0.31851156789712776,5088354626.529724,0.0,0,0.0,0.0,0.0,0.0,224,19,0.492599331068832,0.5025339652916216,0.5252149844518907,0.2836978157274059,304.3636363636364,0.18
type=uncoordinated_rate_per_min=2.0_think_snr=0.0_seed=5,uncoordinated,2.0,0.0,uncoordinated,5,994,727,49,0.06314432989690721,0.23902439024390243,727,63.4434425661284,4141.704577708869,19.774124835196584,600.0000000000005,0,1203,1,0,0,0.01873001869109793,0.24894730221436323,3844862566.255714,0.0,0,0.0,0.0,0.0,0.0,303,4,0.34329731223501797,0.3783216780995425,0.7183804392887205,0.29895713362840104,396.54545454545456,0.31
type=uncoordinated_rate_per_min=2.0_think_snr=0.5_seed=1,uncoordinated,2.0,0.5,uncoordinated,1,635,509,7,0.013565891472868217,0.04225352112676056,509,198.7340640156781,1830.9061946440715,23.24425910361549,600.0000000000005,0,240,2,0,0,0.013896783002564151,0.3453298287516082,3548301847.855262,0.0,0,0.0,0.0,0.0,0.0,298,11,0.492124369751425,0.49654433114575947,0.6132950121649184,0.23522405965566756,277.6363636363636,0.2
type=uncoordinated_rate_per_min=2.0_think_snr=0.5_seed=2,uncoordinated,2.0,0.5,uncoordinated,2,689,501,26,0.04933586337760911,0.19117647058823528,501,153.63113717948727,2933.037920084306,37.929018015105676,600.0000000000005,0,536,2,0,0,0.013659301437505928,0.2378389944304664,2200852634.7908626,0.0,0,0.0,0.0,0.0,0.0,225,27,0.38673122559848494,0.4151353709408866,0.614307439907893,0.2728547465042254,273.2727272727273,0.23
type=uncoordinated_rate_per_min=2.0_think_snr=0.5_seed=3,uncoordinated,2.0,0.5,uncoordinated,3,762,551,32,0.0548885077186964,0.18181818181818182,551,71.01193644977047,3031.8072488958505,6.57576445518803,600.0000000000005,0,625,0,0,0,0.017130866011881938,0.4831264512657666,4743566155.587354,0.0,0,0.0,0.0,0.0,0.0,251,23,0.3794068766121701,0.4026876499579092,0.5267743536284317,0.2316607134698879,300.54545454545456,0.22
type=uncoordinated_rate_per_min=2.0_think_snr=0.5_seed=4,uncoordinated,2.0,0.5,uncoordinated,4,715,573,9,0.015463917525773196,0.056962025316455694,573,81.3346070097864,1999.5650827184477,1.2485424104550993,600.0000000000005,0,244,0,0,0,0.014629429160853927,0.32598576332400103,5233809295.392366,0.0,0,0.0,0.0,0.0,0.0,201,19,0.48753465612402624,0.4975966313301727,0.5330316803167897,0.2634211243610022,312.54545454545456,0.19
type=uncoordinated_rate_per_min=2.0_think_snr=0.5_seed=5,uncoordinated,2.0,0.5,uncoordinated,5,971,708,48,0.06349206349206349,0.23414634146341465,708,71.14727486239303,4934.734280319319,13.39895225130975,600.0000000000005,0,1190,0,0,0,0.020740793018953946,0.32749787488168597,4235426340.1528735,0.0,0,0.0,0.0,0.0,0.0,286,5,0.3305563435515103,0.3622789824522865,0.6613856478770073,0.2814546698408261,386.1818181818182,0.3
type=uncoordinated_rate_per_min=2.0_think_snr=0.9_seed=1,uncoordinated,2.0,0.9,uncoordinated,1,609,477,8,0.016494845360824743,0.05185185185185185,477,207.1266525414694,2246.035056370087,28.146696988126994,600.0000000000005,0,308,1,0,0,0.01816582439768404,0.31154469268745116,3452450232.498527,0.0,0,0.0,0.0,0.0,0.0,289,9,0.4727294877075626,0.4787401154703896,0.6117666613935833,0.2414653667897197,260.1818181818182,0.2
type=uncoordinated_rate_per_min=2.0_think_snr=0.9_seed=2,uncoordinated,2.0,0.9,uncoordinated,2,684,498,19,0.0367504835589942,0.14074074074074075,498,160.02330983862726,3611.526846535154,10.24512856878265,600.0000000000005,0,492,1,0,0,0.009302466552737107,0.3031643311523123,2953854915.6199217,0.0,0,0.0,0.0,0.0,0.0,258,26,0.3983936598900834,0.4195018328231791,0.5974180682668027,0.26537471706355176,271.6363636363636,0.22
type=uncoordinated_rate_per_min=2.0_think_snr=0.9_seed=3,uncoordinated,2.0,0.9,uncoordinated,3,758,544,33,0.05719237435008666,0.2,544,56.776525875602886,2954.950149191214,3.4386544170698046,600.0000000000005,0,623,0,0,0,0.012650951325851464,0.45280604054636214,5538651702.992593,0.0,0,0.0,0.0,0.0,0.0,229,22,0.39787757892798764,0.4271936855196821,0.49506118765378143,0.2264126095226491,296.72727272727275,0.22
type=uncoordinated_rate_per_min=2.0_think_snr=0.9_seed=4,uncoordinated,2.0,0.9,uncoordinated,4,724,571,16,0.027257240204429302,0.09615384615384616,571,71.02836467074576,2251.4038700835595,1.5228587205783033,600.0000000000005,0,322,0,0,0,0.01586548154133978,0.3517501796761173,5254409361.532712,0.0,0,0.0,0.0,0.0,0.0,206,21,0.4563602355736526,0.4722514321595138,0.5242365066166472,0.2442485456166793,311.45454545454544,0.18
type=uncoordinated_rate_per_min=2.0_think_snr=0.9_seed=5,uncoordinated,2.0,0.9,uncoordinated,5,973,721,46,0.05997392438070404,0.22115384615384615,721,58.31615237727556,3713.3991225324035,14.53249457945094,600.0000000000005,0,1169,0,0,0,0.018529191667870506,0.2409231701087736,4483908250.330435,0.0,0,0.0,0.0,0.0,0.0,274,5,0.3541374443346757,0.3892466016381334,0.6612614370831714,0.30167049186860917,393.2727272727273,0.31
type=reactive_gate_rate_per_min=1.0_think_snr=0.0_seed=1,reactive_gate,1.0,0.0,reactive_gate,1,387,353,2,0.005633802816901409,0.02127659574468085,353,133.79299915825504,2021.7116911039107,3.0151173625599323,600.0000000000005,0,59,0,0,0,0.003776217484296324,0.40509297911981235,4424504700.671736,0.0,0,0.0,0.0,0.0,0.0,196,73,0.7592500955502655,0.7691104864015678,0.3641217927633709,0.18913908224044187,192.54545454545456,0.11
type=reactive_gate_rate_per_min=1.0_think_snr=0.0_seed=2,reactive_gate,1.0,0.0,reactive_gate,2,400,345,2,0.005763688760806916,0.027777777777777776,345,155.5918477190653,1430.5410701620724,19.02894964894247,600.0,0,40,1,0,0,0.0037400242917384435,0.26738783820056383,2650517830.359102,0.0,0,0.0,0.0,0.0,0.0,184,40,0.6503439560424935,0.6587899814456428,0.4376046648658055,0.21897597977481287,188.1818181818182,0.12
type=reactive_gate_rate_per_min=1.0_think_snr=0.0_seed=3,reactive_gate,1.0,0.0,reactive_gate,3,441,376,7,0.018276762402088774,0.06521739130434782,376,97.34240174718639,1908.1480258312297,0.0,600.0,0,86,0,0,0,0.0054117822304385185,0.382707920414841,4364679300.285077,0.0,0,0.0,0.0,0.0,0.0,174,39,0.6342201173403031,0.6523026854167385,0.3958278349966007,0.2238535214842816,205.0909090909091,0.12
type=reactive_gate_rate_per_min=1.0_think_snr=0.0_seed=4,reactive_gate,1.0,0.0,reactive_gate,4,447,414,3,0.007194244604316547,0.02040816326530612,414,55.59870396170993,1919.3107267351945,1.0571714147643727,600.0,0,44,0,0,0,0.010807246955543425,0.3985811179489509,4187274795.2058034,0.0,0,0.0,0.0,0.0,0.0,169,86,0.8138039401305962,0.8263687459589564,0.37737221277680655,0.19083039203226582,225.81818181818184,0.12
type=reactive_gate_rate_per_min=1.0_think_snr=0.0_seed=5,reactive_gate,1.0,0.0,reactive_gate,5,603,524,7,0.013182674199623353,0.07368421052631578,524,78.95138231460442,2693.1718991548005,7.523920860521285,600.0000000000005,0,185,0,0,0,0.004085162822895994,0.33745203302887883,4770179046.969136,0.0,0,0.0,0.0,0.0,0.0,181,24,0.5547603930466217,0.5721970381190378,0.47915197731319614,0.2657400823745613,285.8181818181818,0.15
type=reactive_gate_rate_per_min=1.0_think_snr=0.5_seed=1,reactive_gate,1.0,0.5,reactive_gate,1,388,345,5,0.014285714285714285,0.045454545454545456,345,135.8869036907472,2106.431825230762,0.0,600.0000000000005,0,76,0,0,0,0.00568240204439524,0.3920279456728536,4816972267.769364,0.0,0,0.0,0.0,0.0,0.0,199,74,0.675127495743016,0.6931704348504992,0.3607955957653458,0.18488387304532067,188.1818181818182,0.1
type=reactive_gate_rate_per_min=1.0_think_snr=0.5_seed=2,reactive_gate,1.0,0.5,reactive_gate,2,413,348,3,0.008547008547008548,0.0410958904109589,348,163.95766619213214,2104.7936349092383,18.24683308467311,600.0,0,51,1,0,0,0.009887878124358037,0.28495081200931943,2823881514.397503,0.0,0,0.0,0.0,0.0,0.0,184,46,0.5984472045510707,0.605716936252495,0.4478095642887206,0.20930045966546376,189.8181818181818,0.13
type=reactive_gate_rate_per_min=1.0_think_snr=0.5_seed=3,reactive_gate,1.0,0.5,reactive_gate,3,425,359,5,0.013736263736263736,0.047058823529411764,359,102.24636965811897,1711.2383803150483,6.285067564699541,600.0,0,98,0,0,0,0.004230714343265503,0.4317330509043469,4500526682.0006075,0.0,0,0.0,0.0,0.0,0.0,158,40,0.6160438933364341,0.6261981822586639,0.374218625032375,0.20282153418807186,195.8181818181818,0.12
type=reactive_gate_rate_per_min=1.0_think_snr=0.5_seed=4,reactive_gate,1.0,0.5,reactive_gate,4,454,416,2,0.004784688995215311,0.02040816326530612,416,55.43867851186667,1760.0695759279229,0.0,600.0,0,45,0,0,0,0.0034194506676695677,0.3597691993645082,4594190741.368901,0.0,0,0.0,0.0,0.0,0.0,152,65,0.7699602862470545,0.7798315719681705,0.3661870228931948,0.18834839414395077,226.9090909090909,0.11
type=reactive_gate_rate_per_min=1.0_think_snr=0.5_seed=5,reactive_gate,1.0,0.5,reactive_gate,5,630,540,9,0.01639344262295082,0.09473684210526316,540,79.3003338383271,2843.7996496276423,1.6647475025544736,600.0000000000005,0,202,0,0,0,0.005580210725494501,0.31359931386965106,4920253319.819556,0.0,0,0.0,0.0,0.0,0.0,175,21,0.5331711978795364,0.5535250681246434,0.47953259790614483,0.2615544920467025,294.54545454545456,0.16
type=reactive_gate_rate_per_min=1.0_think_snr=0.9_seed=1,reactive_gate,1.0,0.9,reactive_gate,1,373,331,6,0.017804154302670624,0.054945054945054944,331,177.10821607813432,2471.055045883716,3.746751077008513,600.0000000000005,0,96,0,0,0,0.007861746244099384,0.3850114083811012,4523621551.518825,0.0,0,0.0,0.0,0.0,0.0,209,63,0.6407266864883412,0.6618457318308856,0.37267889963335277,0.190112358750329,180.54545454545456,0.11
type=reactive_gate_rate_per_min=1.0_think_snr=0.9_seed=2,reactive_gate,1.0,0.9,reactive_gate,2,407,341,4,0.011594202898550725,0.05555555555555555,341,173.11141660292014,2113.0427465635544,6.935210998491534,600.0000000000005,0,81,1,0,0,0.0023913170204188415,0.3338111606265333,2986447931.0447874,0.0,0,0.0,0.0,0.0,0.0,186,43,0.5801667673031194,0.5909673454117823,0.42650036145509584,0.21066544700290868,186.0,0.13
type=reactive_gate_rate_per_min=1.0_think_snr=0.9_seed=3,reactive_gate,1.0,0.9,reactive_gate,3,423,357,7,0.019230769230769232,0.06896551724137931,357,78.62911074769909,1637.2335685138082,0.0,600.0,0,93,0,0,0,0.007005997175330223,0.4335620642005368,5323470646.97599,0.0,0,0.0,0.0,0.0,0.0,149,44,0.6247449257445878,0.6420099506838005,0.3427543164416602,0.2112811532886703,194.72727272727275,0.11
type=reactive_gate_rate_per_min=1.0_think_snr=0.9_seed=4,reactive_gate,1.0,0.9,reactive_gate,4,473,427,2,0.004662004662004662,0.02247191011235955,427,41.378075850978576,1873.4823199699906,0.0,600.0,0,63,0,0,0,0.004686868285755127,0.36122300430526005,4599320289.254004,0.0,0,0.0,0.0,0.0,0.0,155,53,0.7103801038943051,0.7194875411237193,0.37095934882883325,0.19763349888637033,232.9090909090909,0.11
type=reactive_gate_rate_per_min=1.0_think_snr=0.9_seed=5,reactive_gate,1.0,0.9,reactive_gate,5,602,508,10,0.019305019305019305,0.09782608695652174,508,81.40768394064685,2532.0546708256884,7.845823929970046,600.0000000000005,0,223,0,0,0,0.00606031775019213,0.3157656365463488,4945221516.763347,0.0,0,0.0,0.0,0.0,0.0,164,21,0.5243457717067838,0.5469587834441086,0.465199112689394,0.2603408980477706,277.0909090909091,0.16
type=reactive_gate_rate_per_min=2.0_think_snr=0.0_seed=1,reactive_gate,2.0,0.0,reactive_gate,1,616,492,7,0.014028056112224449,0.050359712230215826,492,177.65406354315678,2112.2835308586964,19.270821895753283,600.0000000000005,0,270,1,0,0,0.002067941954940711,0.35660116807734765,3693639531.6735096,0.0,0,0.0,0.0,0.0,0.0,274,32,0.5169424403679067,0.5288416224671106,0.6012413629524411,0.24266542988411247,268.3636363636364,0.19
type=reactive_gate_rate_per_min=2.0_think_snr=0.0_seed=2,reactive_gate,2.0,0.0,reactive_gate,2,686,512,19,0.035781544256120526,0.13380281690140844,512,140.09881831050006,2630.4624959917787,12.2481946426507,600.0000000000005,0,443,3,0,0,0.009741370818828,0.3388566535705316,2996871230.5481787,0.0,0,0.0,0.0,0.0,0.0,247,23,0.4182289692475473,0.4412076848088159,0.5727869068367974,0.27822087316773353,279.2727272727273,0.21
type=reactive_gate_rate_per_min=2.0_think_snr=0.0_seed=3,reactive_gate,2.0,0.0,reactive_gate,3,770,554,34,0.05782312925170068,0.19375,554,73.56534600754162,3081.950479156563,8.840636462053062,600.0000000000005,0,615,0,0,0,0.016124060354335907,0.4396904049251733,4587807695.295256,0.0,0,0.0,0.0,0.0,0.0,276,19,0.3947803496134008,0.4223087505545443,0.5561457757502914,0.24797747259072425,302.1818181818182,0.23
type=reactive_gate_rate_per_min=2.0_think_snr=0.0_seed=4,reactive_gate,2.0,0.0,reactive_gate,4,695,558,10,0.017605633802816902,0.057692307692307696,558,98.94350870239168,1992.786087356778,2.452603770157498,600.0000000000005,0,238,0,0,0,0.013792805678159568,0.31851156789712776,5088354626.529724,0.0,0,0.0,0.0,0.0,0.0,224,19,0.492599331068832,0.5025339652916216,0.5252149844518907,0.2836978157274059,304.3636363636364,0.18
type=reactive_gate_rate_per_min=2.0_think_snr=0.0_seed=5,reactive_gate,2.0,0.0,reactive_gate,5,992,725,51,0.06572164948453608,0.24519230769230768,725,59.5186619658125,4357.139391326038,20.033293791778526,600.0000000000005,0,1209,1,0,0,0.026587762490301564,0.2404824465969168,4067627402.1637144,0.0,0,0.0,0.0,0.0,0.0,313,4,0.34233315360184124,0.3772149102800458,0.7097142291949948,0.2984161451602247,395.4545454545455,0.33
type=reactive_gate_rate_per_min=2.0_think_snr=0.5_seed=1,reactive_gate,2.0,0.5,reactive_gate,1,635,509,7,0.013565891472868217,0.0425531914893617,509,196.4570472517462,1830.9061946440715,22.758017218878283,600.0000000000005,0,241,1,0,0,0.01362386982131615,0.34532148219558817,3547865417.950111,0.0,0,0.0,0.0,0.0,0.0,297,11,0.4939072351625671,0.4983573821256385,0.6139796645865708,0.23517620466316125,277.6363636363636,0.2
type=reactive_gate_rate_per_min=2.0_think_snr=0.5_seed=2,reactive_gate,2.0,0.5,reactive_gate,2,689,501,26,0.04933586337760911,0.19117647058823528,501,153.63113717948727,2933.037920084306,37.929018015105676,600.0000000000005,0,536,2,0,0,0.013659301437505928,0.2378389944304664,2200852634.7908626,0.0,0,0.0,0.0,0.0,0.0,225,27,0.38673122559848494,0.4151353709408866,0.614307439907893,0.2728547465042254,273.2727272727273,0.24
type=reactive_gate_rate_per_min=2.0_think_snr=0.5_seed=3,reactive_gate,2.0,0.5,reactive_gate,3,762,551,32,0.0548885077186964,0.18181818181818182,551,71.01193644977047,3031.8072488958505,6.57576445518803,600.0000000000005,0,625,0,0,0,0.017130866011881938,0.4831264512657666,4743566155.587354,0.0,0,0.0,0.0,0.0,0.0,251,23,0.3794068766121701,0.4026876499579092,0.5267743536284317,0.2316607134698879,300.54545454545456,0.22
type=reactive_gate_rate_per_min=2.0_think_snr=0.5_seed=4,reactive_gate,2.0,0.5,reactive_gate,4,715,573,9,0.015463917525773196,0.056962025316455694,573,81.3346070097864,1999.5650827184477,1.2485424104550993,600.0000000000005,0,244,0,0,0,0.014629429160853927,0.32598576332400103,5233809295.392366,0.0,0,0.0,0.0,0.0,0.0,201,19,0.48753465612402624,0.4975966313301727,0.5330316803167897,0.2634211243610022,312.54545454545456,0.18
type=reactive_gate_rate_per_min=2.0_think_snr=0.5_seed=5,reactive_gate,2.0,0.5,reactive_gate,5,971,708,48,0.06349206349206349,0.23414634146341465,708,71.14727486239303,4934.734280319319,13.39895225130975,600.0000000000005,0,1190,0,0,0,0.020740793018953946,0.32749787488168597,4235426340.1528735,0.0,0,0.0,0.0,0.0,0.0,286,5,0.3305563435515103,0.3622789824522865,0.6613856478770073,0.2814546698408261,386.1818181818182,0.33
type=reactive_gate_rate_per_min=2.0_think_snr=0.9_seed=1,reactive_gate,2.0,0.9,reactive_gate,1,609,477,8,0.016494845360824743,0.05185185185185185,477,207.1266525414694,2246.035056370087,28.146696988126994,600.0000000000005,0,308,1,0,0,0.01816582439768404,0.31154469268745116,3452450232.498527,0.0,0,0.0,0.0,0.0,0.0,289,9,0.4727294877075626,0.4787401154703896,0.6117666613935833,0.2414653667897197,260.1818181818182,0.2
type=reactive_gate_rate_per_min=2.0_think_snr=0.9_seed=2,reactive_gate,2.0,0.9,reactive_gate,2,684,498,19,0.0367504835589942,0.14074074074074075,498,160.02330983862726,3611.526846535154,10.24512856878265,600.0000000000005,0,492,1,0,0,0.009302466552737107,0.3031643311523123,2953854915.6199217,0.0,0,0.0,0.0,0.0,0.0,258,26,0.3983936598900834,0.4195018328231791,0.5974180682668027,0.26537471706355176,271.6363636363636,0.23
type=reactive_gate_rate_per_min=2.0_think_snr=0.9_seed=3,reactive_gate,2.0,0.9,reactive_gate,3,758,544,33,0.05719237435008666,0.2,544,56.776525875602886,2954.950149191214,3.4386544170698046,600.0000000000005,0,623,0,0,0,0.012650951325851464,0.45280604054636214,5538651702.992593,0.0,0,0.0,0.0,0.0,0.0,229,22,0.39787757892798764,0.4271936855196821,0.49506118765378143,0.2264126095226491,296.72727272727275,0.22
type=reactive_gate_rate_per_min=2.0_think_snr=0.9_seed=4,reactive_gate,2.0,0.9,reactive_gate,4,724,571,16,0.027257240204429302,0.09615384615384616,571,71.02836467074576,2251.4038700835595,1.5228587205783033,600.0000000000005,0,322,0,0,0,0.01586548154133978,0.3517501796761173,5254409361.532712,0.0,0,0.0,0.0,0.0,0.0,206,21,0.4563602355736526,0.4722514321595138,0.5242365066166472,0.2442485456166793,311.45454545454544,0.19
type=reactive_gate_rate_per_min=2.0_think_snr=0.9_seed=5,reactive_gate,2.0,0.9,reactive_gate,5,973,721,46,0.05997392438070404,0.22115384615384615,721,58.31615237727556,3713.3991225324035,14.53249457945094,600.0000000000005,0,1169,0,0,0,0.018529191667870506,0.2409231701087736,4483908250.330435,0.0,0,0.0,0.0,0.0,0.0,274,5,0.3541374443346757,0.3892466016381334,0.6612614370831714,0.30167049186860917,393.2727272727273,0.31
type=clairvoyant_rate_per_min=1.0_think_snr=0.0_seed=1,clairvoyant,1.0,0.0,clairvoyant,1,406,382,1,0.0026109660574412533,0.00980392156862745,382,105.45151886948724,1267.9809208852723,0.0,600.0,0,33,0,0,0,0.003937082360139112,0.38872098776020636,2021199517.0992155,405.0,135,0.0,0.0,0.0,0.0,205,108,0.8957078983688795,0.9014866590035174,0.3864586833155271,0.21188269305201426,208.36363636363637,0.11
type=clairvoyant_rate_per_min=1.0_think_snr=0.0_seed=2,clairvoyant,1.0,0.0,clairvoyant,2,420,376,2,0.005291005291005291,0.025,376,146.51424138241737,1392.5700347209922,40.52241875580374,600.0,0,26,0,0,0,0.0006975695607376157,0.250782850642201,902221504.2596215,369.0,123,0.0,0.0,0.0,0.0,196,47,0.8182671016423472,0.8288939471182218,0.48927929211182336,0.23784606563231334,205.0909090909091,0.14
type=clairvoyant_rate_per_min=1.0_think_snr=0.0_seed=3,clairvoyant,1.0,0.0,clairvoyant,3,482,430,5,0.011494252873563218,0.04,430,103.29910790261283,1454.2239714223797,25.237234019388914,600.0,0,47,0,0,0,0.000804499056602138,0.39207445460190454,1544909619.726146,441.0,147,0.0,0.0,0.0,0.0,185,48,0.8118121812725702,0.8276290354860825,0.482985546875,0.23935648228028603,234.54545454545456,0.14
type=clairvoyant_rate_per_min=1.0_think_snr=0.0_seed=4,clairvoyant,1.0,0.0,clairvoyant,4,460,427,3,0.0069767441860465115,0.02040816326530612,427,56.022677082896735,1880.9332039379813,0.34858229513669753,600.0,0,38,0,0,0,0.010267166620114057,0.3873205388819647,1823934135.1126719,528.0,176,0.0,0.0,0.0,0.0,174,106,0.8653038250086199,0.8790329838375023,0.391075454432142,0.20021495790860572,232.9090909090909,0.12
type=clairvoyant_rate_per_min=1.0_think_snr=0.0_seed=5,clairvoyant,1.0,0.0,clairvoyant,5,682,612,3,0.004878048780487805,0.030303030303030304,612,85.41436733769297,2242.786053364792,68.0735883069951,600.0000000000005,0,88,2,0,0,0.0011620851801940548,0.31977558757921054,1412660484.7216275,300.0,100,0.0,0.0,0.0,0.0,192,46,0.7044177965329707,0.7145776685983499,0.6067114053920617,0.2872115124307833,333.8181818181818,0.2
type=clairvoyant_rate_per_min=1.0_think_snr=0.5_seed=1,clairvoyant,1.0,0.5,clairvoyant,1,425,400,2,0.004975124378109453,0.00980392156862745,400,100.35097821086129,1441.5685846127851,0.0,600.0000000000005,0,35,0,0,0,0.003936060281608043,0.3811381034826783,2142173502.025656,429.0,143,0.0,0.0,0.0,0.0,216,109,0.9080890195555197,0.9158989149405956,0.3976511408556721,0.2118864603407511,218.1818181818182,0.12
type=clairvoyant_rate_per_min=1.0_think_snr=0.5_seed=2,clairvoyant,1.0,0.5,clairvoyant,2,447,398,2,0.005,0.023809523809523808,398,159.56935001268977,1362.6480009346021,28.964331882495976,562.2073538793165,0,25,1,0,0,0.001406602913944865,0.2828521695354415,775825619.6895448,369.0,123,0.0,0.0,0.0,0.0,195,56,0.8091429929661121,0.8196513435241136,0.5236742636622638,0.24203546815884844,217.0909090909091,0.14
type=clairvoyant_rate_per_min=1.0_think_snr=0.5_seed=3,clairvoyant,1.0,0.5,clairvoyant,3,480,431,6,0.013729977116704805,0.04950495049504951,431,94.7584750465553,1300.9618447977514,23.4329737493834,600.0,0,43,1,0,0,0.002151315052555741,0.41948313890979083,1608022889.2341347,372.0,124,0.0,0.0,0.0,0.0,179,47,0.8183743191527075,0.8396534868887694,0.4672258441708755,0.2281769145251953,235.0909090909091,0.14
type=clairvoyant_rate_per_min=1.0_think_snr=0.5_seed=4,clairvoyant,1.0,0.5,clairvoyant,4,470,433,2,0.004597701149425287,0.020202020202020204,433,48.325179063313044,1676.5249347157467,0.15562933604970572,600.0,0,36,0,0,0,0.0036295078913292306,0.35662315654086696,1738259511.6377895,513.0,171,0.0,0.0,0.0,0.0,160,101,0.8617530061014497,0.8728011215642887,0.3893970323062354,0.20073888977560175,236.1818181818182,0.12
type=clairvoyant_rate_per_min=1.0_think_snr=0.5_seed=5,clairvoyant,1.0,0.5,clairvoyant,5,704,629,3,0.004746835443037975,0.03,629,79.33363059528529,2143.517453570493,73.13271508787861,600.0000000000005,0,94,2,0,0,0.0036284785107117317,0.30672715672332884,1308173075.1702483,333.0,111,0.0,0.0,0.0,0.0,187,42,0.68374993654002,0.690951968929526,0.6102828150738151,0.3069218590689246,343.0909090909091,0.2
type=clairvoyant_rate_per_min=1.0_think_snr=0.9_seed=1,clairvoyant,1.0,0.9,clairvoyant,1,419,388,2,0.005128205128205128,0.010416666666666666,388,128.9682428615347,1467.9925436931524,33.78808446021353,600.0,0,31,2,0,0,0.007137312115429812,0.33147246365878075,1282892008.653218,300.0,100,0.0,0.0,0.0,0.0,226,92,0.8598283402848768,0.866890230468854,0.4685657139261202,0.23112133499822343,211.63636363636365,0.13
type=clairvoyant_rate_per_min=1.0_think_snr=0.9_seed=2,clairvoyant,1.0,0.9,clairvoyant,2,444,389,2,0.005115089514066497,0.024390243902439025,389,169.24836413684216,1869.1579198954012,38.753512192928326,600.0,0,30,1,0,0,0.0026798673787204598,0.3056675861289104,889914596.1815845,330.0,110,0.0,0.0,0.0,0.0,192,57,0.7664683107053408,0.776422444610605,0.5103409046555297,0.24064515395643982,212.1818181818182,0.15
type=clairvoyant_rate_per_min=1.0_think_snr=0.9_seed=3,clairvoyant,1.0,0.9,clairvoyant,3,474,422,6,0.014018691588785047,0.05,422,83.30018775728513,1302.7664014544694,43.534653943026065,600.0,0,50,0,0,0,0.001158038849715008,0.41530229230540805,2112781490.3610475,348.0,116,0.0,0.0,0.0,0.0,167,46,0.807520942563645,0.8275882163390246,0.43691905587525903,0.2347664775831233,230.1818181818182,0.13
type=clairvoyant_rate_per_min=1.0_think_snr=0.9_seed=4,clairvoyant,1.0,0.9,clairvoyant,4,513,473,2,0.004210526315789474,0.02,473,42.1387821465737,1632.325607168659,10.631234896918485,600.0,0,38,0,0,0,0.003523092474615619,0.36071523789815263,1433838529.4101317,537.0,179,0.0,0.0,0.0,0.0,175,86,0.8608333045056703,0.8718696289224097,0.4344567287660257,0.2165653287961956,258.0,0.13
type=clairvoyant_rate_per_min=1.0_think_snr=0.9_seed=5,clairvoyant,1.0,0.9,clairvoyant,5,697,619,4,0.006420545746388443,0.04,619,88.8168374468546,1882.7803842742335,57.838879259775226,600.0000000000005,0,121,2,0,0,0.0025498661415205527,0.3086732014517749,1182150815.3930173,246.0,82,0.0,0.0,0.0,0.0,179,37,0.6925816797883199,0.7031012528809313,0.6312712171029202,0.3060056720231991,337.6363636363636,0.2
type=clairvoyant_rate_per_min=2.0_think_snr=0.0_seed=1,clairvoyant,2.0,0.0,clairvoyant,1,660,562,1,0.0017761989342806395,0.006211180124223602,562,141.44787510285278,1829.6085287210924,78.63808495107983,600.0,0,125,3,0,0,0.0027472303191819745,0.3322669993437274,1185639777.772142,309.0,103,0.0,0.0,0.0,0.0,310,70,0.6889096525352779,0.6905377224044308,0.7188509874020655,0.28384749655575003,306.54545454545456,0.23
type=clairvoyant_rate_per_min=2.0_think_snr=0.0_seed=2,clairvoyant,2.0,0.0,clairvoyant,2,746,597,12,0.019704433497536946,0.0784313725490196,597,155.59184771906416,2193.5352406747293,108.74022701520695,600.0000000000005,0,326,1,0,0,0.006888254298243724,0.3042861996225606,582646479.8354912,138.0,46,0.0,0.0,0.0,0.0,268,39,0.5894495541692071,0.6026266739071477,0.7369143190640378,0.302026594220595,325.6363636363636,0.28
type=clairvoyant_rate_per_min=2.0_think_snr=0.0_seed=3,clairvoyant,2.0,0.0,clairvoyant,3,858,690,26,0.036312849162011177,0.11979166666666667,690,79.67718544569539,2098.418791298344,45.70262977362702,600.0000000000005,0,411,4,0,0,0.011515672574153637,0.40271463377221917,1476522064.1079478,270.0,90,0.0,0.0,0.0,0.0,276,28,0.5527007130109194,0.5802355599744186,0.702971704598064,0.29590036593973434,376.3636363636364,0.27
type=clairvoyant_rate_per_min=2.0_think_snr=0.0_seed=4,clairvoyant,2.0,0.0,clairvoyant,4,776,672,6,0.008849557522123894,0.028409090909090908,672,101.3722264212281,1844.3079934073085,23.126900060496393,600.0000000000005,0,141,0,0,0,0.013571413301528824,0.32800760909934634,1640959416.8346696,189.0,63,0.0,0.0,0.0,0.0,259,51,0.7069082171259965,0.7138935397332671,0.7107936639957265,0.3274839329627045,366.54545454545456,0.23
type=clairvoyant_rate_per_min=2.0_think_snr=0.0_seed=5,clairvoyant,2.0,0.0,clairvoyant,5,1032,806,51,0.059509918319719954,0.20164609053497942,806,83.363245304585,3293.5076150039417,111.27993927663643,600.0000000000005,0,1008,3,0,0,0.0295759135809586,0.29860881415231627,945867731.8834198,77.99999999999997,26,0.0,0.0,0.0,0.0,359,7,0.47606448772134746,0.5206695528175626,0.8703328775778619,0.3279045158195711,439.6363636363636,0.38
type=clairvoyant_rate_per_min=2.0_think_snr=0.5_seed=1,clairvoyant,2.0,0.5,clairvoyant,1,683,593,2,0.0033613445378151263,0.006097560975609756,593,161.63595593521677,1819.0580922693032,108.36073651148884,600.0000000000002,0,138,2,0,0,0.006104723855879117,0.28151982070940473,1074264514.079923,168.0,56,0.0,0.0,0.0,0.0,322,38,0.7080053982934493,0.7096629833934495,0.7480906333608521,0.2820215363651156,323.4545454545455,0.25
type=clairvoyant_rate_per_min=2.0_think_snr=0.5_seed=2,clairvoyant,2.0,0.5,clairvoyant,2,764,609,12,0.01932367149758454,0.07692307692307693,609,134.11703955196322,2179.3930517833014,90.3086776304286,600.0000000000005,0,336,4,0,0,0.006648863803436851,0.27685968864953997,607782024.5848268,153.0,51,0.0,0.0,0.0,0.0,274,30,0.5743704589397769,0.5873003122180483,0.744131627209596,0.3034322009742969,332.1818181818182,0.28
type=clairvoyant_rate_per_min=2.0_think_snr=0.5_seed=3,clairvoyant,2.0,0.5,clairvoyant,3,858,686,30,0.04189944134078212,0.14210526315789473,686,78.8196947627564,1831.7213366325395,55.609425739659,600.0000000000005,0,447,1,0,0,0.016391591668246875,0.43575407796470855,1411134634.753393,240.0,80,0.0,0.0,0.0,0.0,280,25,0.5313943221111195,0.5593826487839879,0.6931924896035678,0.2801183135743188,374.1818181818182,0.27
type=clairvoyant_rate_per_min=2.0_think_snr=0.5_seed=4,clairvoyant,2.0,0.5,clairvoyant,4,804,692,5,0.007173601147776184,0.023121387283236993,692,85.76021224894293,1860.0287772700667,12.014921068274365,600.0000000000005,0,139,0,0,0,0.01129875560645842,0.3211724169151631,1964061923.1632252,249.0000000000001,83,0.0,0.0,0.0,0.0,247,62,0.703075531915186,0.7078640937738272,0.6689914815259972,0.33835173327798995,377.4545454545455,0.22
type=clairvoyant_rate_per_min=2.0_think_snr=0.5_seed=5,clairvoyant,2.0,0.5,clairvoyant,5,1013,796,46,0.05463182897862233,0.18803418803418803,796,92.93134214794554,4054.7493636182044,57.023329787359856,600.0000000000005,0,984,4,0,0,0.03148856684607593,0.32407305698723327,1589606104.466211,87.0,29,0.0,0.0,0.0,0.0,344,10,0.498855058983363,0.5416374131911861,0.8353217270299146,0.36083698000013403,434.1818181818182,0.36
type=clairvoyant_rate_per_min=2.0_think_snr=0.9_seed=1,clairvoyant,2.0,0.9,clairvoyant,1,674,561,4,0.007079646017699115,0.02,561,167.2330215213433,1525.6140259253816,88.95096680197359,600.0000000000005,0,181,1,0,0,0.0069300260029215915,0.2785197715505288,985311863.6144753,156.0,52,0.0,0.0,0.0,0.0,322,40,0.6713098649661778,0.6746019998930847,0.7460748123057498,0.3016408528543515,306.0,0.25
type=clairvoyant_rate_per_min=2.0_think_snr=0.9_seed=2,clairvoyant,2.0,0.9,clairvoyant,2,769,611,13,0.020833333333333332,0.08552631578947369,611,154.76968695811502,2323.585679209875,109.93025180219414,600.0000000000005,0,359,1,0,0,0.006810119304277385,0.31568487808479895,779501399.6221215,141.0,47,0.0,0.0,0.0,0.0,278,29,0.5649157124105973,0.5789736330431838,0.7469007148649962,0.30906170596491744,333.2727272727273,0.29
type=clairvoyant_rate_per_min=2.0_think_snr=0.9_seed=3,clairvoyant,2.0,0.9,clairvoyant,3,873,700,27,0.037138927097661624,0.13089005235602094,700,74.18387543971971,2300.461934916283,43.05429357236524,600.0000000000005,0,417,3,0,0,0.007971500025482622,0.42819700240462005,1564188946.5883975,237.0,79,0.0,0.0,0.0,0.0,279,28,0.5526701636987411,0.583792292943711,0.6872724565769879,0.2909515487963198,381.8181818181818,0.27
type=clairvoyant_rate_per_min=2.0_think_snr=0.9_seed=4,clairvoyant,2.0,0.9,clairvoyant,4,831,715,8,0.011065006915629323,0.0446927374301676,715,87.38807654921175,1848.3627381454921,32.42242955065954,600.0000000000005,0,177,1,0,0,0.005278738033634524,0.3453392924521596,1769031830.2522252,222.0,74,0.0,0.0,0.0,0.0,240,46,0.6692480649366827,0.6813152388794255,0.6892589454399768,0.31400125594054207,390.0,0.23
type=clairvoyant_rate_per_min=2.0_think_snr=0.9_seed=5,clairvoyant,2.0,0.9,clairvoyant,5,991,774,47,0.057247259439707675,0.19574468085106383,774,89.25493226633591,3617.8295947348847,72.42630039107115,600.0000000000005,0,981,3,0,0,0.02876035832203424,0.3170253283040477,1070221908.553001,81.0,27,0.0,0.0,0.0,0.0,322,11,0.49454406204398565,0.5372134381102608,0.8163342813673595,0.3509101322176582,422.1818181818182,0.35
