scenario,variant,seed,content_snr,policy,req_started,req_done,req_failed,failure_rate,session_fail_finished,tct_n,tct_p50,tct_p99,chat_wait_p99,block_wait_max,n429,budget_errs,usd,usd_per_req,usd_waste_frac,timeouts,evicted,deadlock_breaks,cycles_seen,token_waste,tool_waste,kv_unused_token_s,prewarm_idle_s,prewarm_hits,lease_cpu_issued,lease_cpu_unused,lease_budget_issued,lease_budget_unused,par_groups,par_groups_parallel,spawns,children,children_aborted,join_p99,jain_all,jain_survivors,util_model,util_cpu,throughput_rph,wall_s
mcp_budget,uncoordinated,1,0.6,uncoordinated,5842,72,5760,0.9876543209876543,0.9942995335982034,72,40.14594830597321,269.456688156692,1.9370895567080788,0.0,130,52552,47.799,0.66387,0.8271765644790243,6,0,0,0,0.832801111970925,0.8953903104745214,174190605.16387716,0.0,0,0.0,0.0,0.0,0.0,73,39,0,0,0,nan,0.0111109873090506,0.7811973279392938,0.4600933548384486,0.022689501834468356,39.27272727272727,1.31
mcp_budget,uncoordinated,2,0.6,uncoordinated,5883,66,5807,0.9887621317895454,0.9938324481754326,66,50.88685902025077,409.82169104819735,1.924541142320504,0.0,26,52029,49.3701,0.74803,0.7838399136577883,3,0,0,0,0.7795036316789508,0.834108923430838,385577602.19438964,0.0,0,0.0,0.0,0.0,0.0,76,48,0,0,0,nan,0.010408909644445142,0.779741057696987,0.41589154110819737,0.02981081413061526,36.0,1.32
mcp_budget,uncoordinated,3,0.6,uncoordinated,5159,69,5080,0.9865993396776073,0.9950970778584036,69,41.187502524274805,275.79135245099866,1.9315753263592708,0.0,141,46076,48.1963,0.6985,0.818840158125021,9,0,0,0,0.8105675371440312,0.9089472668277379,514662127.1925323,0.0,0,0.0,0.0,0.0,0.0,82,44,0,0,0,nan,0.009877841900735696,0.7647781707852773,0.4584207024653587,0.024650707908805174,37.63636363636364,1.0
mcp_budget,uncoordinated,4,0.6,uncoordinated,3200,77,3113,0.9758620689655172,0.9888605983450032,77,53.716989060675814,481.70314340264156,1.933687821499625,0.0,0,28654,49.2415,0.6395,0.7691984559353033,16,0,0,0,0.7661021178528968,0.87255434627317,540855837.9235421,0.0,0,0.0,0.0,0.0,0.0,85,50,0,0,0,nan,0.0202586798204889,0.7689949559350192,0.4668381528425279,0.033063918438560755,42.0,0.71
mcp_budget,uncoordinated,5,0.6,uncoordinated,4528,78,4440,0.9827357237715804,0.9926191008722881,78,50.661957667248544,426.62069600749015,1.9229674307457025,0.0,18,41050,47.4759,0.60866,0.7770204851519246,10,0,0,0,0.7775967099011736,0.8412377228683937,445470012.4654418,0.0,0,0.0,0.0,0.0,0.0,73,50,0,0,0,nan,0.014743411303536213,0.7584530722185464,0.44544773811836313,0.03248975157769251,42.54545454545455,0.91
mcp_budget,uncoordinated,6,0.6,uncoordinated,4330,92,4228,0.9787037037037037,0.9908472189626848,92,46.22757447850569,677.0639820937831,1.93309103698263,0.0,0,38602,50.6759,0.55082,0.6712928184933094,5,0,0,0,0.6576009561703757,0.6982809118513507,461671893.65178615,0.0,0,0.0,0.0,0.0,0.0,64,35,0,0,0,nan,0.01583880855227616,0.7816665911402562,0.43621226484395237,0.035342833080987165,50.18181818181819,1.01
mcp_budget,uncoordinated,7,0.6,uncoordinated,3841,65,3766,0.9830331506134169,0.9923442449841605,65,81.04090957050471,547.9815209307735,1.925788390539251,0.0,34,34666,50.0774,0.77042,0.7162690621987978,10,0,0,0,0.6945279261911796,0.8144113538045002,719836061.2878513,0.0,0,0.0,0.0,0.0,0.0,88,52,0,0,0,nan,0.013110142565693459,0.7382236733369812,0.4435059622911811,0.031144131455765365,35.45454545454545,0.78
mcp_budget,uncoordinated,8,0.6,uncoordinated,4090,76,4004,0.9813725490196078,0.9903441445902451,76,51.75090885287182,606.2185335616291,1.9380483235713337,0.0,6,35998,49.533,0.65175,0.7191880599112127,8,0,0,0,0.7178725009359614,0.8246854904337659,473710618.3608271,0.0,0,0.0,0.0,0.0,0.0,82,53,0,0,0,nan,0.015861965138184646,0.7880015564074987,0.4552623699333075,0.03807623915071981,41.45454545454545,0.73
mcp_budget,uncoordinated,9,0.6,uncoordinated,4671,76,4585,0.9836944861617679,0.9937065972222222,76,56.278657346114414,498.33503049792427,1.958385169044218,1.4078151337780582,130,41587,50.5725,0.66543,0.7327015684254036,9,0,0,0,0.7312119516743263,0.8338873172345794,558168178.7602798,0.0,0,0.0,0.0,0.0,0.0,85,54,0,0,0,nan,0.013983112339698513,0.7412745860491654,0.4364925783961409,0.0396989495876169,41.45454545454545,0.8
mcp_budget,uncoordinated,10,0.6,uncoordinated,3635,96,3529,0.9735172413793104,0.9890664423885618,96,50.984292269722346,350.75676423129596,1.936860067462039,0.0,22,32486,48.3914,0.50408,0.7313660250880292,8,0,0,0,0.7252026749837734,0.8423488152522612,533569408.9092492,0.0,0,0.0,0.0,0.0,0.0,79,52,0,0,0,nan,0.02163111836951078,0.7839886857851791,0.4377730676880989,0.039216293557836145,52.36363636363637,0.78
mcp_budget,gate_vtfq0,1,0.6,reactive_gate,107,93,4,0.041237113402061855,0.15384615384615385,93,374.8815337486185,1872.0549337225934,189.05930100772656,0.0,0,19,46.7601,0.5028,0.045115915691038,15,0,0,0,0.049300375777171196,0.36167709820624033,1443324909.1969392,0.0,0,0.0,0.0,0.0,0.0,63,35,0,0,0,nan,0.7671494056605538,0.8085689170548916,0.23369380345117846,0.029585374640349247,50.72727272727273,0.24
mcp_budget,gate_vtfq0,2,0.6,reactive_gate,113,100,3,0.02912621359223301,0.06666666666666667,100,275.53490819227,2955.241179017296,183.3318783840482,0.0,0,15,47.4267,0.47427,0.01723092034325462,15,0,0,0,0.01666016953343305,0.4637240627085654,1805876987.9564333,0.0,0,0.0,0.0,0.0,0.0,47,32,0,0,0,nan,0.730324114003811,0.7335340245628783,0.26546508993783996,0.03439219882855158,54.54545454545455,0.18
mcp_budget,gate_vtfq0,3,0.6,reactive_gate,88,75,4,0.05063291139240506,0.2222222222222222,75,258.53103907131526,1607.4499403199557,133.45101357273546,0.0,0,22,47.198,0.62931,0.027056088044086452,26,0,0,0,0.02883792131320305,0.6300343835891516,1611885259.7568033,0.0,0,0.0,0.0,0.0,0.0,51,30,0,0,0,nan,0.7376397374148843,0.7877002493000639,0.23569784515022016,0.030496085043693267,40.909090909090914,0.16
mcp_budget,gate_vtfq0,4,0.6,reactive_gate,84,73,2,0.02666666666666667,0.05555555555555555,73,410.874607923045,2722.435461493891,185.6539826475313,0.0,0,7,42.6263,0.58392,0.049692664738449556,34,0,0,0,0.05731275243846068,0.5041101583437069,1106932432.9593213,0.0,0,0.0,0.0,0.0,0.0,38,27,0,0,0,nan,0.679610700277735,0.7249180802962506,0.2021675035531598,0.030670901464104835,39.81818181818182,0.18
mcp_budget,gate_vtfq0,5,0.6,reactive_gate,85,74,1,0.013333333333333334,0.0,74,455.98203527875194,3711.7848049358845,241.21835874234566,0.0,0,22,45.1648,0.61033,0.01139405906351998,16,0,0,0,0.012955714232558443,0.30352497567860004,1916137426.253318,0.0,0,0.0,0.0,0.0,0.0,40,22,0,0,0,nan,0.8143611891937835,0.8147058601121453,0.2223460471299534,0.027623395683130086,40.36363636363637,0.2
mcp_budget,gate_vtfq0,6,0.6,reactive_gate,89,77,2,0.02531645569620253,0.08333333333333333,77,411.25552831216623,2754.27922749297,259.9195009024397,0.0,0,2,49.2555,0.63968,0.027589739498047782,16,0,0,0,0.028357349639727705,0.38975805705287153,1860561232.6630774,0.0,0,0.0,0.0,0.0,0.0,47,32,0,0,0,nan,0.6743900703812512,0.7142056599596583,0.22758328966750843,0.024663932220787756,42.0,0.19
mcp_budget,gate_vtfq0,7,0.6,reactive_gate,125,108,7,0.06086956521739131,0.23076923076923078,108,186.44852604937387,2672.0395387234403,166.6973619200021,0.0,0,54,47.332,0.43826,0.05762160697864088,25,0,0,0,0.05891788760120634,0.5924771341755689,1706869134.467563,0.0,0,0.0,0.0,0.0,0.0,53,31,0,0,0,nan,0.6708440301068801,0.803512712774814,0.24534039374514374,0.028661527730849658,58.909090909090914,0.35
mcp_budget,gate_vtfq0,8,0.6,reactive_gate,96,83,3,0.03488372093023256,0.2727272727272727,83,306.8909185628336,1897.545485353919,179.86800021493494,0.0,0,14,48.2835,0.58173,0.014346705855219077,21,0,0,0,0.009000246136134276,0.5789434368595702,1619125073.789604,0.0,0,0.0,0.0,0.0,0.0,54,30,0,0,0,nan,0.742582819661091,0.7686635841293831,0.23100574601787102,0.03171097636950326,45.27272727272727,0.19
mcp_budget,gate_vtfq0,9,0.6,reactive_gate,90,79,1,0.0125,0.06666666666666667,79,400.59802799464705,2766.34334237078,162.3331999772327,0.0,0,21,49.4993,0.62657,0.005364504113929938,19,0,0,0,0.004542284933231137,0.34007187860508875,1581110765.4058502,0.0,0,0.0,0.0,0.0,0.0,50,24,0,0,0,nan,0.6965680850681358,0.6977081762256818,0.25837644256669257,0.030700245145281014,43.09090909090909,0.21
mcp_budget,gate_vtfq0,10,0.6,reactive_gate,102,88,5,0.053763440860215055,0.29411764705882354,88,189.01774240807725,1869.4169219744642,119.74000000000001,0.0,0,55,49.7101,0.56489,0.03779294009556774,26,0,0,0,0.038201428276069205,0.6598104427538516,1614980852.4259138,0.0,0,0.0,0.0,0.0,0.0,47,27,0,0,0,nan,0.5925578266985733,0.6704797387783943,0.23754149133158511,0.03085144744172377,48.0,0.14
mcp_budget,gate_fifo300,1,0.6,reactive_gate,107,93,4,0.041237113402061855,0.15384615384615385,93,374.8815337486185,1872.0549337225934,189.05930100772656,0.0,0,19,46.7601,0.5028,0.045115915691038,15,0,0,0,0.049300375777171196,0.36167709820624033,1443324909.1969392,0.0,0,0.0,0.0,0.0,0.0,63,35,0,0,0,nan,0.7671494056605538,0.8085689170548916,0.23369380345117846,0.029585374640349247,50.72727272727273,0.26
mcp_budget,gate_fifo300,2,0.6,reactive_gate,113,100,3,0.02912621359223301,0.06666666666666667,100,275.53490819227,2955.241179017296,183.3318783840482,0.0,0,15,47.4267,0.47427,0.01723092034325462,15,0,0,0,0.01666016953343305,0.4637240627085654,1805876987.9564333,0.0,0,0.0,0.0,0.0,0.0,47,32,0,0,0,nan,0.730324114003811,0.7335340245628783,0.26546508993783996,0.03439219882855158,54.54545454545455,0.25
mcp_budget,gate_fifo300,3,0.6,reactive_gate,89,77,3,0.0375,0.125,77,336.78981236580694,1907.4687633985811,161.87628670517392,0.0,0,38,47.1491,0.61233,0.006434732351872914,23,0,0,0,0.0034287916364246756,0.5852116820430264,1580739369.675009,0.0,0,0.0,0.0,0.0,0.0,44,28,0,0,0,nan,0.7300918187912075,0.7456022165279982,0.24107500704156956,0.028548924919783513,42.0,0.19
mcp_budget,gate_fifo300,4,0.6,reactive_gate,94,79,6,0.07058823529411765,0.15384615384615385,79,396.799898528805,2146.940021491472,174.04675085874933,0.0,0,34,49.3046,0.62411,0.07822941469964263,28,0,0,0,0.08078849631401794,0.5024866607145646,1672467392.6985762,0.0,0,0.0,0.0,0.0,0.0,44,33,0,0,0,nan,0.719458278058033,0.7771826430139955,0.2267357805620306,0.0326401836942006,43.09090909090909,0.21
mcp_budget,gate_fifo300,5,0.6,reactive_gate,85,74,1,0.013333333333333334,0.0,74,455.98203527875194,3711.7848049358845,241.21835874234566,0.0,0,22,45.1648,0.61033,0.01139405906351998,16,0,0,0,0.012955714232558443,0.30352497567860004,1916137426.253318,0.0,0,0.0,0.0,0.0,0.0,40,22,0,0,0,nan,0.8143611891937835,0.8147058601121453,0.2223460471299534,0.027623395683130086,40.36363636363637,0.22
mcp_budget,gate_fifo300,6,0.6,reactive_gate,89,77,2,0.02531645569620253,0.08333333333333333,77,411.25552831216623,2754.27922749297,259.9195009024397,0.0,0,2,49.2555,0.63968,0.027589739498047782,16,0,0,0,0.028357349639727705,0.38975805705287153,1860561232.6630774,0.0,0,0.0,0.0,0.0,0.0,47,32,0,0,0,nan,0.6743900703812512,0.7142056599596583,0.22758328966750843,0.024663932220787756,42.0,0.2
mcp_budget,gate_fifo300,7,0.6,reactive_gate,125,108,7,0.06086956521739131,0.23076923076923078,108,186.44852604937387,2672.0395387234403,166.6973619200021,0.0,0,54,47.332,0.43826,0.05762160697864088,25,0,0,0,0.05891788760120634,0.5924771341755689,1706869134.467563,0.0,0,0.0,0.0,0.0,0.0,53,31,0,0,0,nan,0.6708440301068801,0.803512712774814,0.24534039374514374,0.028661527730849658,58.909090909090914,0.18
mcp_budget,gate_fifo300,8,0.6,reactive_gate,96,83,3,0.03488372093023256,0.2727272727272727,83,306.8909185628336,1897.545485353919,179.86800021493494,0.0,0,14,48.2835,0.58173,0.014346705855219077,21,0,0,0,0.009000246136134276,0.5789434368595702,1619125073.789604,0.0,0,0.0,0.0,0.0,0.0,54,30,0,0,0,nan,0.742582819661091,0.7686635841293831,0.23100574601787102,0.03171097636950326,45.27272727272727,0.15
mcp_budget,gate_fifo300,9,0.6,reactive_gate,90,79,1,0.0125,0.06666666666666667,79,400.59802799464705,2766.34334237078,162.3331999772327,0.0,0,21,49.4993,0.62657,0.005364504113929938,19,0,0,0,0.004542284933231137,0.34007187860508875,1581110765.4058502,0.0,0,0.0,0.0,0.0,0.0,50,24,0,0,0,nan,0.6965680850681358,0.6977081762256818,0.25837644256669257,0.030700245145281014,43.09090909090909,0.2
mcp_budget,gate_fifo300,10,0.6,reactive_gate,102,88,5,0.053763440860215055,0.29411764705882354,88,189.01774240807725,1869.4169219744642,119.74000000000001,0.0,0,55,49.7101,0.56489,0.03779294009556774,26,0,0,0,0.038201428276069205,0.6598104427538516,1614980852.4259138,0.0,0,0.0,0.0,0.0,0.0,47,27,0,0,0,nan,0.5925578266985733,0.6704797387783943,0.23754149133158511,0.03085144744172377,48.0,0.15
mcp_budget,needs,1,0.6,needs,127,117,1,0.00847457627118644,0.0,117,183.32125877829003,1547.9749786317507,158.27360528413564,0.0,0,0,47.3852,0.405,0.008952819892092005,56,0,0,0,0.007027074196147158,0.15832590927432943,1091331159.1212268,0.0,0,699.6867754528266,145.01958026419254,1113600.0,11557.595272673958,63,35,0,0,0,nan,0.7882890237220005,0.7986398337922588,0.24769430177577054,0.02893016158730823,63.81818181818182,2.1
mcp_budget,needs,2,0.6,needs,113,102,1,0.009708737864077669,0.0625,102,169.51435508373334,3532.384653618978,153.78234624744425,0.0,0,0,48.0498,0.47108,0.007924675468411507,39,0,0,0,0.008649860753534673,0.3787693804837543,1363855517.0462663,0.0,0,3730.4939826106897,89.12621299422747,999000.0,9898.720360673751,55,37,0,0,0,nan,0.771344521387355,0.7827303093735806,0.2750282909948848,0.03685101265985247,55.63636363636364,1.97
mcp_budget,needs,3,0.6,needs,101,92,0,0.0,0.0,92,192.90669093395957,2256.000683871047,168.17125810316577,0.0,0,0,47.9949,0.52168,0.0,40,0,0,0,0.0,0.5438596555562012,1041049508.6580913,0.0,0,4052.3193137811227,156.13836104261588,930000.0,8211.368578879545,50,35,0,0,0,nan,0.7427711473084725,0.7427711473084725,0.267988276733683,0.029965048650989257,50.18181818181819,1.78
mcp_budget,needs,4,0.6,needs,92,79,4,0.04819277108433735,0.09523809523809523,79,218.83770461359188,3189.2778793068687,97.21130158979156,0.0,0,0,43.1869,0.54667,0.05888385130558238,60,0,0,0,0.06624419291480546,0.6196516831307265,1114435490.1197746,0.0,0,5716.0251769761135,167.07200653670384,1050000.0,10448.857362844617,47,35,0,0,0,nan,0.7482716266466939,0.8032173374648132,0.22072740725362602,0.034671633039632055,43.09090909090909,1.76
mcp_budget,needs,5,0.6,needs,95,83,3,0.03488372093023256,0.0,83,211.82311665116413,2294.390978089068,188.57621952410312,0.0,0,0,47.676,0.57441,0.03064276040653753,43,0,0,0,0.025990791762696867,0.36590786409064224,1332792076.6715527,0.0,0,552.0335972734756,102.16142444462446,1018800.0,11800.559564261279,46,25,0,0,0,nan,0.7787022441594094,0.8118754782977087,0.276147990465553,0.03110376764923961,45.27272727272727,2.05
mcp_budget,needs,6,0.6,needs,104,92,2,0.02127659574468085,0.09090909090909091,92,176.59220388562994,2138.0113780776896,133.39539982620175,0.0,0,0,48.8773,0.53127,0.007976572499697661,41,0,0,0,0.0056005350652280905,0.44752080014350176,1004273428.4077235,0.0,0,2275.0562190106693,210.1533888009751,1134000.0,15540.300254223097,55,33,0,0,0,nan,0.7121947176087804,0.7612914661516281,0.27367499660871536,0.029462168462696676,50.18181818181819,1.91
mcp_budget,needs,7,0.6,needs,130,118,3,0.024793388429752067,0.1,118,160.61200827779766,2386.1120685116484,166.79236026251968,0.0,0,0,48.122,0.40781,0.004868130890761723,45,0,0,0,0.0023811296190414345,0.5007663828472325,711597463.6841925,0.0,0,351.0314431937648,94.65914385978137,1075200.0,10018.400144728756,48,31,0,0,0,nan,0.6800503569850195,0.7177501632826615,0.2685058237826988,0.025483752106290718,64.36363636363636,2.03
mcp_budget,needs,8,0.6,needs,106,95,1,0.010416666666666666,0.0,95,155.0358222112652,2610.7069046024444,241.40751345598738,0.0,0,0,47.6827,0.50192,0.000161127603813584,43,0,0,0,9.421184974845047e-06,0.48073036160454913,1107027432.723875,0.0,0,3938.765672604164,106.93787580926238,995400.0,10848.70590983304,58,32,0,0,0,nan,0.7457519568358854,0.7560593728336875,0.2399077086166149,0.02820667070422526,51.81818181818182,1.95
mcp_budget,needs,9,0.6,needs,89,77,2,0.02531645569620253,0.11764705882352941,77,239.40513691923934,2951.9338894849075,136.71455572076377,0.0,0,0,49.3862,0.64138,0.024068519587568747,64,0,0,0,0.02612861579661186,0.44710766889493975,1202603068.232639,0.0,0,2334.6713823230875,69.19640616009383,1010400.0,9303.56790353011,50,25,0,0,0,nan,0.642685329013735,0.669353632904797,0.27216411166958043,0.0290600202897996,42.0,1.85
mcp_budget,needs,10,0.6,needs,92,83,1,0.011904761904761904,0.1,83,147.52526946493163,2174.9945910234023,77.26112441754508,0.0,0,0,46.2892,0.5577,0.019456069725111935,46,0,0,0,0.020835935859108316,0.5279702089155602,1049771150.325488,0.0,0,4379.376503223127,257.35922813801716,990600.0,10771.438706974304,50,31,0,0,0,nan,0.6430791199984304,0.6769253894720321,0.2112245445237633,0.032846321404948364,45.27272727272727,1.83
mcp_budget,needs_pre,1,0.6,needs,127,117,1,0.00847457627118644,0.0,117,183.32125877829003,1547.9749786317507,158.27360528413564,0.0,0,0,47.3852,0.405,0.008952819892092005,56,0,0,0,0.007027074196147158,0.15832590927432943,1090715559.84912,0.0,0,963.3169442929494,242.1810385884152,1113600.0,11557.595272673958,63,35,0,0,0,nan,0.7882890237220005,0.7986398337922588,0.24769430177577054,0.02893016158730823,63.81818181818182,2.15
mcp_budget,needs_pre,2,0.6,needs,113,102,1,0.009708737864077669,0.0625,102,169.51435508373334,3532.384653618978,153.78234624744425,0.0,0,0,48.0498,0.47108,0.007924675468411507,39,0,0,0,0.008649860753534673,0.3787693804837543,1376551220.9516327,0.0,0,4026.042029175548,139.49577557364162,999000.0,9898.720360673751,55,37,0,0,0,nan,0.771344521387355,0.7827303093735806,0.2750282909948848,0.03685101265985247,55.63636363636364,2.1
mcp_budget,needs_pre,3,0.6,needs,93,82,2,0.023809523809523808,0.0,82,175.59877086578786,2437.2953238624455,194.90074807377266,0.0,0,0,47.8372,0.58338,0.005931614847399388,41,0,0,0,0.0028916198112837596,0.530372703855437,1336433101.3570259,0.0,0,5413.218358873589,154.95503934102427,918000.0,8152.096040471165,50,36,0,0,0,nan,0.7288723220095351,0.7373496832527726,0.2451439110981611,0.03072357046110364,44.72727272727273,1.88
mcp_budget,needs_pre,4,0.6,needs,84,72,3,0.04,0.125,72,220.9661528886399,3215.7896183002117,141.91830923674584,0.0,0,0,39.898,0.55414,0.027841050246338213,56,0,0,0,0.03016025490138936,0.6139048287744264,1109758712.7962232,0.0,0,3847.0556365119646,100.65366126576271,999000.0,10581.497227980919,40,28,0,0,0,nan,0.7180636912018722,0.7507197498630187,0.20274698465423469,0.02977768514876119,39.27272727272727,1.81
mcp_budget,needs_pre,5,0.6,needs,95,83,3,0.03488372093023256,0.0,83,211.82311665116413,2294.390978089068,188.57621952410312,0.0,0,0,47.676,0.57441,0.03064276040653753,43,0,0,0,0.025990791762696867,0.36590786409064224,1330962716.457624,0.0,0,331.7424096736718,89.60463134717028,1018800.0,11800.559564261279,46,25,0,0,0,nan,0.7787022441594094,0.8118754782977087,0.276147990465553,0.03110376764923961,45.27272727272727,1.95
mcp_budget,needs_pre,6,0.6,needs,106,95,1,0.010416666666666666,0.07692307692307693,95,194.66878981684476,2465.916179911007,134.962829477682,0.0,0,0,49.883,0.52508,0.007297137344584785,39,0,0,0,0.005135929683265399,0.45249472978573263,1399074802.614521,0.0,0,3875.499813433389,122.55686228625727,1088400.0,17410.667225350317,53,34,0,0,0,nan,0.7085097630242786,0.7357601385252124,0.27522016611629113,0.03159641210393997,51.81818181818182,1.97
mcp_budget,needs_pre,7,0.6,needs,130,118,3,0.024793388429752067,0.1,118,160.61200827779766,2386.1120685116484,166.79236026251968,0.0,0,0,48.122,0.40781,0.004868130890761723,45,0,0,0,0.0023811296190414345,0.5007663828472325,711196132.8995337,0.0,0,920.0624315151753,286.90226314317727,1075200.0,10018.400144728756,48,31,0,0,0,nan,0.6800503569850195,0.7177501632826615,0.2685058237826988,0.025483752106290718,64.36363636363636,2.19
mcp_budget,needs_pre,8,0.6,needs,106,95,1,0.010416666666666666,0.0,95,155.0358222112652,2610.7069046024444,241.40751345598738,0.0,0,0,47.6827,0.50192,0.000161127603813584,43,0,0,0,9.421184974845047e-06,0.48073036160454913,1098245675.8585145,0.0,0,1760.2112966202994,122.29602069516082,995400.0,10848.70590983304,58,32,0,0,0,nan,0.7457519568358854,0.7560593728336875,0.2399077086166149,0.02820667070422526,51.81818181818182,1.74
mcp_budget,needs_pre,9,0.6,needs,91,78,3,0.037037037037037035,0.14285714285714285,78,256.0526139543256,3859.697566654309,136.6727392530224,0.0,0,0,50.2059,0.64367,0.029218245823306545,63,0,0,0,0.02640523171031705,0.35596381816049316,1327382755.4362552,0.0,0,4289.954382454743,191.03684936140993,1012800.0,10251.620086292396,47,26,0,0,0,nan,0.6910831179566269,0.7217120908759006,0.2809990242327117,0.03536133841119251,42.54545454545455,1.98
mcp_budget,needs_pre,10,0.6,needs,92,83,1,0.011904761904761904,0.1,83,147.52526946493163,2174.9945910234023,77.26112441754508,0.0,0,0,46.2892,0.5577,0.019456069725111935,46,0,0,0,0.020835935859108316,0.5279702089155602,1044190793.7267574,0.0,0,548.2757525269425,161.29571378487736,990600.0,10771.438706974304,50,31,0,0,0,nan,0.6430791199984304,0.6769253894720321,0.2112245445237633,0.032846321404948364,45.27272727272727,1.74
mcp_budget,needs_jev,1,0.6,needs,127,117,1,0.00847457627118644,0.0,117,183.32125877829003,1547.9749786317507,158.27360528413564,0.0,0,0,47.3852,0.405,0.008952819892092005,56,0,0,0,0.007027074196147158,0.15832590927432943,1091607843.0980816,0.0,0,772.409016285738,170.5544390866861,1113600.0,11557.595272673958,63,35,0,0,0,nan,0.7882890237220005,0.7986398337922588,0.24769430177577054,0.02893016158730823,63.81818181818182,8.66
mcp_budget,needs_jev,2,0.6,needs,113,102,1,0.009708737864077669,0.0625,102,169.51435508373334,3532.384653618978,153.78234624744425,0.0,0,0,48.0498,0.47108,0.007924675468411507,39,0,0,0,0.008649860753534673,0.3787693804837543,1372780373.1439917,0.0,0,5258.249867510381,469.65757652601667,999000.0,9898.720360673751,55,37,0,0,0,nan,0.771344521387355,0.7827303093735806,0.2750282909948848,0.03685101265985247,55.63636363636364,6.18
mcp_budget,needs_jev,3,0.6,needs,94,85,0,0.0,0.0,85,180.48375638779453,2496.2769265189663,166.54028423229812,0.0,0,0,47.2326,0.55568,0.0,44,0,0,0,0.0,0.5000223731041068,1037195728.8789395,0.0,0,4247.945679929073,129.52145052988894,908400.0,7825.2387405298505,49,34,0,0,0,nan,0.790149346630426,0.790149346630426,0.24958913179066305,0.029863305945357303,46.36363636363637,5.93
mcp_budget,needs_jev,4,0.6,needs,101,89,3,0.03260869565217391,0.125,89,218.83770461359188,3126.913236725363,131.65425972006796,0.0,0,0,45.3763,0.50985,0.024479781341380298,51,0,0,0,0.02674354328964781,0.5904652315061478,1176987747.079194,0.0,0,3817.693774177741,83.64491488412375,1150200.0,11373.687179321194,51,35,0,0,0,nan,0.7507126869966114,0.7866480845314792,0.23692959244690498,0.03368897433608355,48.54545454545455,6.51
mcp_budget,needs_jev,5,0.6,needs,100,88,3,0.03296703296703297,0.0,88,212.19203911160503,2168.178318042604,155.13054328423755,0.0,0,0,47.2595,0.53704,0.0309127830542077,42,0,0,0,0.02629146701227038,0.355191543996843,1337050404.1889665,0.0,0,410.964726131412,75.55628671103463,1036800.0,12422.60976168299,47,28,0,0,0,nan,0.7424162231233318,0.7716182276359502,0.27626522210890964,0.032505960959790095,48.0,6.03
mcp_budget,needs_jev,6,0.6,needs,106,95,1,0.010416666666666666,0.07692307692307693,95,194.66878981684476,2465.916179911007,134.962829477682,0.0,0,0,49.883,0.52508,0.007297137344584785,39,0,0,0,0.005135929683265399,0.45249472978573263,1398410118.6308172,0.0,0,4218.051584388995,219.15361613495122,1088400.0,17410.667225350317,53,34,0,0,0,nan,0.7085097630242786,0.7357601385252124,0.27522016611629113,0.03159641210393997,51.81818181818182,6.24
mcp_budget,needs_jev,7,0.6,needs,130,118,3,0.024793388429752067,0.1,118,160.61200827779766,2386.1120685116484,166.79236026251968,0.0,0,0,48.122,0.40781,0.004868130890761723,45,0,0,0,0.0023811296190414345,0.5007663828472325,712325544.3944479,0.0,0,281.59400223102233,71.09823569911876,1075200.0,10018.400144728756,48,31,0,0,0,nan,0.6800503569850195,0.7177501632826615,0.2685058237826988,0.025483752106290718,64.36363636363636,6.5
mcp_budget,needs_jev,8,0.6,needs,106,95,1,0.010416666666666666,0.0,95,155.0358222112652,2610.7069046024444,241.40751345598738,0.0,0,0,47.6827,0.50192,0.000161127603813584,43,0,0,0,9.421184974845047e-06,0.48073036160454913,1107046944.7982566,0.0,0,3897.8844102723688,86.94405023930616,995400.0,10848.70590983304,58,32,0,0,0,nan,0.7457519568358854,0.7560593728336875,0.2399077086166149,0.02820667070422526,51.81818181818182,5.99
mcp_budget,needs_jev,9,0.6,needs,92,79,3,0.036585365853658534,0.17647058823529413,79,195.1529766947233,4120.106663739703,178.34571800277055,0.0,0,0,50.201,0.63546,0.023532451543760557,61,0,0,0,0.025664992180597555,0.34178306699472116,1348071553.5500147,0.0,0,4036.5713896728143,132.49511494768592,1008000.0,9759.898130852147,53,26,0,0,0,nan,0.6689675582158443,0.693805351950833,0.27504179619107744,0.0340187328472292,43.09090909090909,5.82
mcp_budget,needs_jev,10,0.6,needs,92,83,1,0.011904761904761904,0.1,83,147.52526946493163,2174.9945910234023,77.26112441754508,0.0,0,0,46.2892,0.5577,0.019456069725111935,46,0,0,0,0.020835935859108316,0.5279702089155602,1049391827.8089923,0.0,0,715.7978307613118,225.56773686790098,990600.0,10771.438706974304,50,31,0,0,0,nan,0.6430791199984304,0.6769253894720321,0.2112245445237633,0.032846321404948364,45.27272727272727,5.73
mcp_budget,needs-pacing,1,0.6,needs,112,100,2,0.0196078431372549,0.0,100,397.2303212160482,1759.041076422867,213.53277216684702,0.0,0,8,46.6302,0.4663,0.01600678907456869,15,0,0,0,0.01878757495026208,0.31557975974041375,1518473073.7955384,0.0,0,4155.450079375899,441.22675352994804,1048200.0,18511.14288378385,63,37,0,0,0,nan,0.8183961256651856,0.8153009426568274,0.23841094151450404,0.02905586143794688,54.54545454545455,2.26
mcp_budget,needs-pacing,2,0.6,needs,108,96,2,0.02040816326530612,0.0,96,269.91857917747086,3005.5942119691285,174.92301072501795,0.0,0,14,46.7595,0.48708,0.009035938641178456,20,0,0,0,0.00808630719357829,0.46074068948531743,1667083522.8681777,0.0,0,1049.1084732346412,137.84226485975776,986400.0,14150.099355331091,45,30,0,0,0,nan,0.7618150747472551,0.7645415231191584,0.2660752474019037,0.03434330513311548,52.36363636363637,1.88
mcp_budget,needs-pacing,3,0.6,needs,94,82,2,0.023809523809523808,0.08333333333333333,82,293.50821329075507,2928.020449468908,135.4249999999999,0.0,0,34,47.1602,0.57512,0.008581000679513166,22,0,0,0,0.007825866310798138,0.5648533454212817,1425086303.049592,0.0,0,4265.649398214367,333.53779334522767,897600.0,14076.751701426892,43,30,0,0,0,nan,0.6946864648899854,0.7082645213780445,0.2631161208317146,0.030959084174634548,44.72727272727273,1.93
mcp_budget,needs-pacing,4,0.6,needs,98,87,2,0.02247191011235955,0.125,87,296.2531615659227,2631.7164305620577,176.0,0.0,0,12,44.7203,0.51403,0.028216084737162365,40,0,0,0,0.03235521423490902,0.5291599503947059,1150813374.3455477,0.0,0,3821.0622494874615,167.55199346162476,1113000.0,18959.255056951664,47,32,0,0,0,nan,0.7543747538688803,0.7876780376008573,0.22983795881086508,0.02868425708962627,47.45454545454545,1.96
mcp_budget,needs-pacing,5,0.6,needs,84,71,3,0.04054054054054054,0.0,71,408.554463305049,3477.2901841375,212.3471045150012,1.4469894482117525,0,15,45.3634,0.63892,0.026974591605173803,18,0,0,0,0.03188884857857234,0.30754502472602635,2053475233.111921,0.0,0,2015.6439026918047,164.56047257994646,966600.0,20060.417848407997,42,22,0,0,0,nan,0.7844493998772406,0.8165706186380023,0.23499811077117327,0.027279115096108995,38.72727272727273,1.85
mcp_budget,needs-pacing,6,0.6,needs,98,87,1,0.011363636363636364,0.08333333333333333,87,479.64857723221303,1906.4318802352961,217.26539002126262,5.110497055292399,0,0,49.2729,0.56636,0.00738748421521748,9,0,0,0,0.005045543311918872,0.394969900402157,1314645960.6604037,0.0,0,1851.1480743488542,94.88584583645572,1030800.0,22710.25714621417,51,32,0,0,0,nan,0.7466313537313354,0.7764966078805888,0.24115706426443928,0.027676527060592652,47.45454545454545,1.94
mcp_budget,needs-pacing,7,0.6,needs,121,104,7,0.06306306306306306,0.21428571428571427,104,271.53409260221963,1324.0822523857835,174.87627201785244,0.0,0,72,47.2482,0.45431,0.06872747413186019,16,0,0,0,0.07233845393073113,0.5671661192090068,1658915271.0563078,0.0,0,939.1675588126002,230.49398732429734,1030200.0,19537.03445547747,61,37,0,0,0,nan,0.697698946490112,0.796164545994241,0.25367550934829064,0.027826543874571452,56.72727272727273,2.01
mcp_budget,needs-pacing,8,0.6,needs,99,87,2,0.02247191011235955,0.2,87,264.7485055248808,1828.564101231329,159.57952927745157,0.0,0,19,47.9458,0.5511,0.005950054539733309,21,0,0,0,0.0022004254053091944,0.5713702515976675,1310122283.2627888,0.0,0,3977.237413227163,129.80279125032558,1014000.0,14703.026556166724,58,33,0,0,0,nan,0.7688874182522465,0.7705934293762156,0.23477168156727532,0.031213465829088183,47.45454545454545,1.9
mcp_budget,needs-pacing,9,0.6,needs,96,82,4,0.046511627906976744,0.2,82,292.4010461636908,2623.4656364288317,178.5240657215942,0.0,0,35,49.7647,0.60689,0.05981266024798921,20,0,0,0,0.04733692479017146,0.38675298282943493,1712504745.2928894,0.0,0,5794.88682574026,271.11678921310545,1020600.0,17786.429712533314,59,29,0,0,0,nan,0.6769424762441358,0.7219558018468151,0.2673684805183243,0.035036440489134804,44.72727272727273,2.08
mcp_budget,needs-pacing,10,0.6,needs,102,88,5,0.053763440860215055,0.29411764705882354,88,189.01774240807725,1869.416921974464,119.74000000000001,0.0,0,55,49.7101,0.56489,0.03779294009556774,26,0,0,0,0.038201428276069205,0.6598104427538516,1661358702.3141065,0.0,0,4742.44773236351,207.92959511116413,1012200.0,14502.840017439823,47,27,0,0,0,nan,0.5925578266985738,0.670479738778395,0.23754149133158511,0.03085144744172377,48.0,1.76
mcp_budget,needs-feedback,1,0.6,needs,115,102,3,0.02857142857142857,0.0,102,222.34416675162424,2062.1489807797175,234.05656247744759,0.0,0,0,46.2928,0.45385,0.005085177649092478,44,0,0,0,0.0031532115797434494,0.24725152324192778,1167295423.164984,0.0,0,612.1556697125045,137.3971319627293,1107600.0,8379.573179892344,55,40,0,0,0,nan,0.6856105819736368,0.7538914650178071,0.2322592035903911,0.032172490870150824,55.63636363636364,2.07
mcp_budget,needs-feedback,2,0.6,needs,103,92,1,0.010752688172043012,0.0,92,202.1519118463957,3903.728877810327,199.81796034518047,0.0,0,0,46.8251,0.50897,0.0,37,0,0,0,0.0,0.35542347784955036,1670637314.2111437,0.0,0,3903.065774941287,103.971991574756,953400.0,8131.063988221816,47,32,0,0,0,nan,0.7115679764025026,0.7210319807722829,0.25635244051897177,0.03706545523768953,50.18181818181819,1.82
mcp_budget,needs-feedback,3,0.6,needs,98,87,2,0.02247191011235955,0.07692307692307693,87,228.22263616822147,1724.8010799346837,189.36931044956765,0.0,0,0,46.7038,0.53682,0.0,43,0,0,0,0.0,0.5325694003903186,1021319987.4872149,0.0,0,3986.362328435292,134.95519975577713,934800.0,7691.839739120561,43,25,0,0,0,nan,0.7641517146762361,0.8118728972467568,0.25688464569573943,0.027771866424618936,47.45454545454545,1.82
mcp_budget,needs-feedback,4,0.6,needs,87,74,4,0.05128205128205128,0.10526315789473684,74,271.31364853112245,3052.4345169298454,163.37423191224735,0.0,0,0,42.9327,0.58017,0.05907438321446115,58,0,0,0,0.06549928488815822,0.5835030175002608,1249099434.8007176,0.0,0,7675.341841888832,191.6652355174067,1007400.0,10531.279403499522,49,38,0,0,0,nan,0.747679086094226,0.8037349022776237,0.20580278000356125,0.03682919071998538,40.36363636363637,1.77
mcp_budget,needs-feedback,5,0.6,needs,93,82,2,0.023809523809523808,0.0,82,287.786561691129,3470.904522330556,291.7259982192302,0.0,0,0,47.1548,0.57506,0.013019326550286906,32,0,0,0,0.014297024203337725,0.3358260963355695,1477918344.356842,0.0,0,200.4910044610623,68.01835932850099,993600.0,9898.4767915425,45,25,0,0,0,nan,0.6215246763246,0.643346804162681,0.25086215140183893,0.03464882372124647,44.72727272727273,1.85
mcp_budget,needs-feedback,6,0.6,needs,106,94,2,0.020833333333333332,0.09090909090909091,94,238.86176912768997,1694.7497372102594,218.03855614786661,0.0,0,0,49.2279,0.5237,0.03860251141541845,34,0,0,0,0.036658260037198256,0.47062573200107344,1321035918.7769196,0.0,0,4510.229226514639,171.63214684574314,1104000.0,13711.710138704417,59,36,0,0,0,nan,0.6801400020062406,0.72474067494559,0.2672948092139342,0.02877347172155835,51.27272727272727,1.89
mcp_budget,needs-feedback,7,0.6,needs,113,101,3,0.028846153846153848,0.125,101,194.34068637804194,1893.0878846389435,136.8402006368394,0.0,0,0,46.9745,0.46509,0.020899872473485376,46,0,0,0,0.020315578900593333,0.49302928287699294,590766843.218683,0.0,0,452.5550130609333,86.1570606003137,1042800.0,10868.271481950287,65,39,0,0,0,nan,0.6484601933124124,0.6722653811883413,0.25967290157180783,0.025742468933189752,55.09090909090909,1.94
mcp_budget,needs-feedback,8,0.6,needs,105,94,1,0.010526315789473684,0.0,94,204.75214724878379,2331.267960734663,176.7925834405623,5.422150263441381,0,0,46.1872,0.49135,0.00016634466211281102,42,0,0,0,9.746482707846765e-06,0.49702597957527184,1054649111.2190623,0.0,0,3918.6232740202,104.24496912803016,991800.0,8816.354301452415,55,30,0,0,0,nan,0.7164604261504806,0.7252813663165861,0.23344522140475268,0.02846968914460081,51.27272727272727,1.81
mcp_budget,needs-feedback,9,0.6,needs,87,76,1,0.012987012987012988,0.07692307692307693,76,344.9324822482598,4369.402007854011,272.80139321488855,0.0,0,0,48.2636,0.63505,0.021936180555788647,62,0,0,0,0.02338224911916474,0.3865870867497016,1391715169.475949,0.0,0,6188.945571598822,152.5193944190098,987600.0,8682.79391225619,46,25,0,0,0,nan,0.612576467817581,0.6352644851441581,0.2439765864332427,0.027578665893879657,41.45454545454545,1.86
mcp_budget,needs-feedback,10,0.6,needs,93,84,1,0.011764705882352941,0.09090909090909091,84,195.23879625775885,2325.9279823891407,148.75730085733338,0.0,0,0,46.8415,0.55764,0.019226650598878636,42,0,0,0,0.020613081628788204,0.5617317842243864,873554285.7970256,0.0,0,7722.824076664223,194.5992754914136,1008600.0,7955.463944226708,47,29,0,0,0,nan,0.6415317172502104,0.6720808466430777,0.2140598695771821,0.03173852603967567,45.81818181818182,1.65
mcp_budget,needs-pacing_feedback,1,0.6,needs,112,100,2,0.0196078431372549,0.0,100,397.2303212160482,1759.041076422867,213.53277216684702,0.0,0,8,46.6302,0.4663,0.01600678907456869,15,0,0,0,0.01878757495026208,0.31557975974041375,1518473073.7955384,0.0,0,4155.450079375899,441.22675352994804,1048200.0,18511.14288378385,63,37,0,0,0,nan,0.8183961256651856,0.8153009426568274,0.23841094151450404,0.02905586143794688,54.54545454545455,2.01
mcp_budget,needs-pacing_feedback,2,0.6,needs,108,96,2,0.02040816326530612,0.0,96,269.91857917747086,3005.5942119691285,174.92301072501795,0.0,0,14,46.7595,0.48708,0.009035938641178456,20,0,0,0,0.00808630719357829,0.46074068948531743,1667083522.8681777,0.0,0,1049.1084732346412,137.84226485975776,986400.0,14150.099355331091,45,30,0,0,0,nan,0.7618150747472551,0.7645415231191584,0.2660752474019037,0.03434330513311548,52.36363636363637,1.82
mcp_budget,needs-pacing_feedback,3,0.6,needs,94,82,2,0.023809523809523808,0.08333333333333333,82,293.50821329075507,2928.020449468908,135.4249999999999,0.0,0,34,47.1602,0.57512,0.008581000679513166,22,0,0,0,0.007825866310798138,0.5648533454212817,1425086303.049592,0.0,0,4265.649398214367,333.53779334522767,897600.0,14076.751701426892,43,30,0,0,0,nan,0.6946864648899854,0.7082645213780445,0.2631161208317146,0.030959084174634548,44.72727272727273,1.81
mcp_budget,needs-pacing_feedback,4,0.6,needs,98,87,2,0.02247191011235955,0.125,87,296.2531615659227,2631.7164305620577,176.0,0.0,0,12,44.7203,0.51403,0.028216084737162365,40,0,0,0,0.03235521423490902,0.5291599503947059,1150813374.3455477,0.0,0,3821.0622494874615,167.55199346162476,1113000.0,18959.255056951664,47,32,0,0,0,nan,0.7543747538688803,0.7876780376008573,0.22983795881086508,0.02868425708962627,47.45454545454545,1.95
mcp_budget,needs-pacing_feedback,5,0.6,needs,84,71,3,0.04054054054054054,0.0,71,408.554463305049,3477.2901841375,212.3471045150012,1.4469894482117525,0,15,45.3634,0.63892,0.026974591605173803,18,0,0,0,0.03188884857857234,0.30754502472602635,2053475233.111921,0.0,0,2015.6439026918047,164.56047257994646,966600.0,20060.417848407997,42,22,0,0,0,nan,0.7844493998772406,0.8165706186380023,0.23499811077117327,0.027279115096108995,38.72727272727273,1.91
mcp_budget,needs-pacing_feedback,6,0.6,needs,98,87,1,0.011363636363636364,0.08333333333333333,87,479.64857723221303,1906.4318802352961,217.26539002126262,5.110497055292399,0,0,49.2729,0.56636,0.00738748421521748,9,0,0,0,0.005045543311918872,0.394969900402157,1314645960.6604037,0.0,0,1851.1480743488542,94.88584583645572,1030800.0,22710.25714621417,51,32,0,0,0,nan,0.7466313537313354,0.7764966078805888,0.24115706426443928,0.027676527060592652,47.45454545454545,2.01
mcp_budget,needs-pacing_feedback,7,0.6,needs,121,104,7,0.06306306306306306,0.21428571428571427,104,271.53409260221963,1324.0822523857835,174.87627201785244,0.0,0,72,47.2482,0.45431,0.06872747413186019,16,0,0,0,0.07233845393073113,0.5671661192090068,1658915271.0563078,0.0,0,939.1675588126002,230.49398732429734,1030200.0,19537.03445547747,61,37,0,0,0,nan,0.697698946490112,0.796164545994241,0.25367550934829064,0.027826543874571452,56.72727272727273,2.04
mcp_budget,needs-pacing_feedback,8,0.6,needs,99,87,2,0.02247191011235955,0.2,87,264.7485055248808,1828.564101231329,159.57952927745157,0.0,0,19,47.9458,0.5511,0.005950054539733309,21,0,0,0,0.0022004254053091944,0.5713702515976675,1310122283.2627888,0.0,0,3977.237413227163,129.80279125032558,1014000.0,14703.026556166724,58,33,0,0,0,nan,0.7688874182522465,0.7705934293762156,0.23477168156727532,0.031213465829088183,47.45454545454545,1.89
mcp_budget,needs-pacing_feedback,9,0.6,needs,96,82,4,0.046511627906976744,0.2,82,292.4010461636908,2623.4656364288317,178.5240657215942,0.0,0,35,49.7647,0.60689,0.05981266024798921,20,0,0,0,0.04733692479017146,0.38675298282943493,1712504745.2928894,0.0,0,5794.88682574026,271.11678921310545,1020600.0,17786.429712533314,59,29,0,0,0,nan,0.6769424762441358,0.7219558018468151,0.2673684805183243,0.035036440489134804,44.72727272727273,1.9
mcp_budget,needs-pacing_feedback,10,0.6,needs,102,88,5,0.053763440860215055,0.29411764705882354,88,189.01774240807725,1869.416921974464,119.74000000000001,0.0,0,55,49.7101,0.56489,0.03779294009556774,26,0,0,0,0.038201428276069205,0.6598104427538516,1661358702.3141065,0.0,0,4742.44773236351,207.92959511116413,1012200.0,14502.840017439823,47,27,0,0,0,nan,0.5925578266985738,0.670479738778395,0.23754149133158511,0.03085144744172377,48.0,1.74
mcp_budget,oracle0,1,0.6,clairvoyant,129,116,3,0.025210084033613446,0.047619047619047616,116,143.43840793197433,4815.005373238935,162.00664631511512,0.0,0,0,46.7665,0.40316,0.020347433465086374,50,0,0,0,0.020649985591788097,0.228863786212927,1186044683.2174883,0.0,0,0.0,0.0,0.0,0.0,66,41,0,0,0,nan,0.7291967459396697,0.7412166798538248,0.2549608874643875,0.029365459861290074,63.27272727272727,0.07
mcp_budget,oracle0,2,0.6,clairvoyant,133,122,1,0.008130081300813009,0.0,122,176.89569235815452,2783.2667344880333,77.83485518865831,0.0,0,0,47.3639,0.38823,0.007251833638724257,31,0,0,0,0.0047643632513715405,0.42467095593875964,1542002451.6315138,0.0,0,0.0,0.0,0.0,0.0,61,43,0,0,0,nan,0.8481617105957523,0.8493576429565781,0.3239372354717042,0.044024704085922864,66.54545454545455,0.07
mcp_budget,oracle0,3,0.6,clairvoyant,122,112,1,0.008849557522123894,0.06666666666666667,112,180.82553491190038,1763.1508753974583,44.61781293882585,0.0,0,0,47.6074,0.42507,0.002985504197890037,32,0,0,0,0.002502231432162538,0.5169114039025606,1158484159.1761703,0.0,0,0.0,0.0,0.0,0.0,58,36,0,0,0,nan,0.851625490464968,0.8592974354559222,0.3276167125663689,0.03922051860547764,61.09090909090909,0.07
mcp_budget,oracle0,4,0.6,clairvoyant,117,107,1,0.009259259259259259,0.0,107,217.90958871427483,3043.7162913613192,136.48057269780946,0.0,0,0,47.7043,0.44583,0.01620770612986679,49,0,0,0,0.018556273807552596,0.4926941355873322,923762146.7171556,0.0,0,0.0,0.0,0.0,0.0,59,45,0,0,0,nan,0.829259027499325,0.8516714336479554,0.2888671062143875,0.043111040202680154,58.36363636363637,0.07
mcp_budget,oracle0,5,0.6,clairvoyant,128,115,3,0.025423728813559324,0.0,115,188.50939461003873,1514.5298029292414,138.90404754391363,0.0,0,0,48.0848,0.41813,0.011797239086522335,34,0,0,0,0.01269441738884485,0.23998909098501883,1378609105.5739226,0.0,0,0.0,0.0,0.0,0.0,58,34,0,0,0,nan,0.6650043322668158,0.7188683503651623,0.3189675400236338,0.0385581019949372,62.72727272727273,0.1
mcp_budget,oracle0,6,0.6,clairvoyant,129,117,2,0.01680672268907563,0.06666666666666667,117,196.43945732833936,1511.1409910284196,116.5831767768438,0.0,0,0,50.1848,0.42893,0.009338851635766615,31,0,0,0,0.006191901054704276,0.19879003985700855,942017581.0068128,0.0,0,0.0,0.0,0.0,0.0,69,43,0,0,0,nan,0.8207039256517584,0.8588644630238016,0.3243725469276094,0.04427865652410559,63.81818181818182,0.08
mcp_budget,oracle0,7,0.6,clairvoyant,111,100,2,0.0196078431372549,0.0,100,178.910770025258,3445.2034071780076,169.97581039533728,0.0,0,0,47.0884,0.47088,0.006324322501414575,46,0,0,0,0.005279469549449384,0.6282152044759272,1428432590.2786584,0.0,0,0.0,0.0,0.0,0.0,55,30,0,0,0,nan,0.711746397540632,0.7209183882086493,0.2651214801136364,0.022134874873051415,54.54545454545455,0.06
mcp_budget,oracle0,8,0.6,clairvoyant,119,107,2,0.01834862385321101,0.09090909090909091,107,188.47114748825902,1754.178659659004,98.46922481370989,0.0,0,0,47.9058,0.44772,0.004544482182403512,44,0,0,0,0.005208898331725684,0.5218930356651824,1685460943.2797203,0.0,0,0.0,0.0,0.0,0.0,66,34,0,0,0,nan,0.7812873044899749,0.7851018685452795,0.2862326723322974,0.03669731015536554,58.36363636363637,0.07
mcp_budget,oracle0,9,0.6,clairvoyant,111,98,3,0.0297029702970297,0.1111111111111111,98,169.30094975765496,2039.845975545231,139.32094933310808,0.0,0,0,48.2305,0.49215,0.03787602117516519,58,0,0,0,0.042466690396347304,0.3357996936841856,981154274.0719943,0.0,0,0.0,0.0,0.0,0.0,67,37,0,0,0,nan,0.7129338198538588,0.7672097351645233,0.3107733117068117,0.03979751011163558,53.45454545454545,0.07
mcp_budget,oracle0,10,0.6,clairvoyant,114,104,1,0.009523809523809525,0.1,104,137.00557583773661,2216.4592098499315,91.41052874404363,0.0,0,0,49.0824,0.47195,0.018348870209359092,36,0,0,0,0.02019126104247038,0.47130866141532557,1431560698.8310766,0.0,0,0.0,0.0,0.0,0.0,56,37,0,0,0,nan,0.7070650798262357,0.7424183338175475,0.25111363573232326,0.038908296028694764,56.72727272727273,0.06
