scenario,variant,seed,content_snr,rpm,policy,req_started,req_done,req_failed,failure_rate,session_fail_finished,tct_n,tct_p50,tct_p99,chat_wait_p99,block_wait_max,n429,budget_errs,usd,usd_per_req,usd_waste_frac,timeouts,evicted,deadlock_breaks,cycles_seen,token_waste,tool_waste,kv_unused_token_s,prewarm_idle_s,prewarm_hits,lease_cpu_issued,lease_cpu_unused,lease_budget_issued,lease_budget_unused,par_groups,par_groups_parallel,spawns,children,children_aborted,join_p99,jain_all,jain_survivors,util_model,util_cpu,throughput_rph,wall_s
hosted_stress,gate_fifo300,1,0.6,10,reactive_gate,532,362,20,0.05235602094240838,0.1652892561983471,362,26.439636544495215,3614.5918847175876,0.0,600.0000000000005,333,0,0.0,0.0,0.0,568,0,0,1,0.030355552874167264,0.5418080291905387,6578590099.147199,0.0,0,0.0,0.0,0.0,0.0,287,0,0,0,0,nan,0.33287729421102,0.35607173112207724,0.3657270432651839,0.11323262927696207,197.45454545454547,0.21
hosted_stress,gate_fifo300,2,0.6,10,reactive_gate,637,448,33,0.06860706860706861,0.21830985915492956,448,46.300607314782155,2939.2297502033175,0.0,600.0000000000005,316,0,0.0,0.0,0.0,575,0,0,1,0.027237013968320914,0.4069113814382207,6480603070.007944,0.0,0,0.0,0.0,0.0,0.0,270,3,0,0,0,nan,0.3667284499474456,0.3942258507274252,0.42241467154720286,0.19595627719732855,244.36363636363637,0.23
hosted_stress,gate_fifo300,3,0.6,10,reactive_gate,664,442,28,0.059574468085106386,0.16666666666666666,442,20.24767109675645,3615.6679083395725,0.0,600.0000000000005,442,0,0.0,0.0,0.0,617,0,0,6,0.02757881310371204,0.5283103042082686,7237811282.582334,0.0,0,0.0,0.0,0.0,0.0,306,4,0,0,0,nan,0.30582098362321947,0.32881859303653094,0.39503653993864934,0.16032559522374235,241.0909090909091,0.32
hosted_stress,gate_fifo300,4,0.6,10,reactive_gate,586,402,40,0.09049773755656108,0.26666666666666666,402,18.28169718217714,3640.8784153104048,0.0,600.0000000000005,493,0,0.0,0.0,0.0,500,0,0,4,0.0619421348499437,0.4901454838175675,6998652149.176507,0.0,0,0.0,0.0,0.0,0.0,247,9,0,0,0,nan,0.3461843490450705,0.386205743326384,0.38925318087121213,0.0961624898437885,219.27272727272728,0.22
hosted_stress,gate_fifo300,5,0.6,10,reactive_gate,821,521,75,0.12583892617449666,0.3443396226415094,521,15.401387301952127,4326.708449407745,1.7328591685997063,600.0000000000005,400,0,0.0,0.0,0.0,1298,0,0,9,0.0682426888903259,0.09757749072842305,9044347463.882757,0.0,0,0.0,0.0,0.0,0.0,484,0,0,0,0,nan,0.2870690740362066,0.33406565104633634,0.4297272080662394,0.17221413018268156,284.1818181818182,0.34
hosted_stress,gate_fifo300,6,0.6,10,reactive_gate,625,460,29,0.05930470347648262,0.20567375886524822,460,20.392453480704262,3463.2114488540865,0.6069286629111972,600.0000000000005,276,0,0.0,0.0,0.0,580,0,0,8,0.03794317745301918,0.370750804294581,7011915149.407136,0.0,0,0.0,0.0,0.0,0.0,286,3,0,0,0,nan,0.36455713609216134,0.4008034899347439,0.3917562228535354,0.18927291502264262,250.9090909090909,0.24
hosted_stress,gate_fifo300,7,0.6,10,reactive_gate,677,444,55,0.11022044088176353,0.270935960591133,444,20.698119835685247,2809.090443917819,0.0,600.0000000000005,426,0,0.0,0.0,0.0,778,0,0,2,0.07466349266350993,0.266969006000717,6559216865.501455,0.0,0,0.0,0.0,0.0,0.0,307,3,0,0,0,nan,0.3203950924900405,0.36821093725974907,0.4248123737495144,0.21371233512301685,242.1818181818182,0.3
hosted_stress,gate_fifo300,8,0.6,10,reactive_gate,713,473,40,0.07797270955165692,0.25165562913907286,473,12.775289557223346,3848.0381178234725,0.0,600.0000000000005,224,0,0.0,0.0,0.0,863,0,0,16,0.04766810517502873,0.5868644956208922,8894934111.115236,0.0,0,0.0,0.0,0.0,0.0,245,2,0,0,0,nan,0.2691809358469265,0.29904721440668214,0.3090414909390378,0.14529881353647547,258.0,0.34
hosted_stress,gate_fifo300,9,0.6,10,reactive_gate,778,555,42,0.07035175879396985,0.20103092783505155,555,27.90338634359705,3662.820808463489,1.4144962082629073,600.0000000000005,366,0,0.0,0.0,0.0,776,0,0,8,0.0396685657300164,0.13878703842504825,7269034363.879993,0.0,0,0.0,0.0,0.0,0.0,411,5,0,0,0,nan,0.3757502323247725,0.41358369463274475,0.48843565290323104,0.2648596258233742,302.72727272727275,0.32
hosted_stress,gate_fifo300,10,0.6,10,reactive_gate,514,373,37,0.09024390243902439,0.25547445255474455,373,108.18666738388367,3977.740136502105,0.0,600.0000000000005,216,0,0.0,0.0,0.0,510,0,0,0,0.08503576178515623,0.25352070406058513,6976560156.41311,0.0,0,0.0,0.0,0.0,0.0,235,2,0,0,0,nan,0.36530648021153533,0.40656611748950605,0.3896475648795649,0.25362996119872044,203.45454545454547,0.2
hosted_stress,gate_vtfq0,1,0.6,10,reactive_gate,536,382,19,0.04738154613466334,0.1328125,382,26.60392079331507,3612.7221023163734,0.0,600.0000000000005,288,0,0.0,0.0,0.0,439,0,0,9,0.05127677980048076,0.4509511689529026,7975206646.118978,0.0,0,0.0,0.0,0.0,0.0,308,8,0,0,0,nan,0.3321392397184205,0.35140234852979746,0.3323488097643098,0.19985376013442657,208.36363636363637,0.23
hosted_stress,gate_vtfq0,2,0.6,10,reactive_gate,634,452,19,0.040339702760084924,0.11363636363636363,452,33.592861965811835,2408.0447491756568,0.0,600.0000000000005,201,0,0.0,0.0,0.0,500,0,0,14,0.035395341585294934,0.28811338990535684,7260003015.200032,0.0,0,0.0,0.0,0.0,0.0,266,12,0,0,0,nan,0.3676900096995223,0.37564414870336665,0.35210474709029393,0.2976596813873471,246.54545454545456,0.23
hosted_stress,gate_vtfq0,3,0.6,10,reactive_gate,687,488,14,0.027888446215139442,0.08433734939759036,488,20.084859255496838,3611.867511631358,1.4917571080249787,600.0000000000005,313,0,0.0,0.0,0.0,591,0,0,5,0.01062132759438553,0.43769361654120204,6821762693.520628,0.0,0,0.0,0.0,0.0,0.0,350,6,0,0,0,nan,0.36894209886406293,0.38116841240059984,0.4122520232048045,0.2532874625924881,266.1818181818182,0.29
hosted_stress,gate_vtfq0,4,0.6,10,reactive_gate,614,434,12,0.026905829596412557,0.09448818897637795,434,16.031069726287683,3989.14531298955,0.0,600.0000000000005,338,0,0.0,0.0,0.0,466,0,0,16,0.04308948473074857,0.47067708714961687,7949747357.712652,0.0,0,0.0,0.0,0.0,0.0,254,11,0,0,0,nan,0.31528572688379997,0.324720201981118,0.3545266503739316,0.14186894640142086,236.72727272727275,0.26
hosted_stress,gate_vtfq0,5,0.6,10,reactive_gate,804,523,60,0.10291595197255575,0.2714285714285714,523,14.903139643882696,4385.966932744561,0.8276103509864433,600.0000000000005,415,0,0.0,0.0,0.0,1236,0,0,7,0.06485130834689756,0.018631655143952958,9550639958.611717,0.0,0,0.0,0.0,0.0,0.0,481,4,0,0,0,nan,0.3034776401998514,0.34090699694543397,0.4133937632090132,0.2302797906945796,285.2727272727273,0.49
hosted_stress,gate_vtfq0,6,0.6,10,reactive_gate,646,491,17,0.03346456692913386,0.12056737588652482,491,15.150903058504582,2078.4978281620306,0.0,600.0000000000005,204,0,0.0,0.0,0.0,472,0,0,9,0.020763846399139214,0.37419571136938085,7644928349.164245,0.0,0,0.0,0.0,0.0,0.0,315,11,0,0,0,nan,0.3972441286837891,0.41580058679158916,0.36269732406193345,0.2104855293730492,267.8181818181818,0.25
hosted_stress,gate_vtfq0,7,0.6,10,reactive_gate,681,437,25,0.05411255411255411,0.15625,437,13.182476127771224,2958.5744620523874,0.0,600.0000000000005,124,0,0.0,0.0,0.0,778,0,0,14,0.028205551334622964,0.4490188289653638,7336613747.281837,0.0,0,0.0,0.0,0.0,0.0,227,8,0,0,0,nan,0.31493685012654665,0.329824773251388,0.3410449472286972,0.2048788832438446,238.36363636363637,0.2
hosted_stress,gate_vtfq0,8,0.6,10,reactive_gate,773,545,29,0.050522648083623695,0.1836734693877551,545,11.216840801242142,3587.826606635256,0.0,600.0000000000005,144,0,0.0,0.0,0.0,854,0,0,18,0.047975286714977125,0.5935722833402853,7728812859.454563,0.0,0,0.0,0.0,0.0,0.0,227,7,0,0,0,nan,0.32093392472509674,0.3404644544684521,0.2714630957774864,0.17376965493436003,297.2727272727273,0.25
hosted_stress,gate_vtfq0,9,0.6,10,reactive_gate,752,513,37,0.06727272727272728,0.21142857142857144,513,24.672894598362745,3144.778348919898,0.0,600.0000000000005,246,0,0.0,0.0,0.0,840,0,0,18,0.04058244072837219,0.14450570519162653,8811886118.435179,0.0,0,0.0,0.0,0.0,0.0,382,10,0,0,0,nan,0.33125076612480886,0.3609574209018578,0.39033797812257187,0.2989414100447217,279.8181818181818,0.41
hosted_stress,gate_vtfq0,10,0.6,10,reactive_gate,554,417,15,0.034722222222222224,0.11904761904761904,417,168.81230747018208,3582.8165421089698,1.4266105121420574,600.0000000000005,251,0,0.0,0.0,0.0,399,0,0,6,0.026107784821038062,0.3269227955249886,7343281147.785416,0.0,0,0.0,0.0,0.0,0.0,213,3,0,0,0,nan,0.37424033780585086,0.3911203978358029,0.41719316959256025,0.2697172427774145,227.45454545454547,0.23
hosted_stress,gate_srpt0,1,0.6,10,reactive_gate,593,452,21,0.04439746300211417,0.12056737588652482,452,61.202931027535044,3052.699476568842,0.0,600.0000000000005,409,0,0.0,0.0,0.0,282,0,0,5,0.04296594849599973,0.41412515884356016,6441127454.473125,0.0,0,0.0,0.0,0.0,0.0,324,4,0,0,0,nan,0.42019170858379196,0.4412686035697258,0.42092364694622514,0.23612174777488074,246.54545454545456,0.26
hosted_stress,gate_srpt0,2,0.6,10,reactive_gate,659,493,17,0.03333333333333333,0.09859154929577464,493,72.65714053762622,2261.5137961119585,0.0,600.0000000000005,344,0,0.0,0.0,0.0,426,0,0,0,0.04271624274686534,0.28254550558928454,6407083067.487841,0.0,0,0.0,0.0,0.0,0.0,332,11,0,0,0,nan,0.43006865589751686,0.44455607076713427,0.4460717169936545,0.316220386325704,268.90909090909093,0.25
hosted_stress,gate_srpt0,3,0.6,10,reactive_gate,719,543,22,0.03893805309734513,0.11229946524064172,543,28.494181929780325,3117.989327474571,0.6600985532820949,600.0000000000005,337,0,0.0,0.0,0.0,398,0,0,4,0.011049156976520206,0.44099905356705793,6306123296.791778,0.0,0,0.0,0.0,0.0,0.0,312,8,0,0,0,nan,0.4211302621023891,0.4404828319677653,0.43031985643696585,0.2672029322600096,296.1818181818182,0.28
hosted_stress,gate_srpt0,4,0.6,10,reactive_gate,616,446,29,0.061052631578947365,0.1858974358974359,446,22.03669874871366,3627.5149570748295,0.0,600.0000000000005,542,0,0.0,0.0,0.0,391,0,0,9,0.07174468442890025,0.43914859961895164,6999050523.606664,0.0,0,0.0,0.0,0.0,0.0,267,11,0,0,0,nan,0.3706053772586747,0.4018502534996295,0.42729155103114486,0.16709059058747983,243.27272727272728,0.27
hosted_stress,gate_srpt0,5,0.6,10,reactive_gate,850,573,57,0.09047619047619047,0.25961538461538464,573,16.805132493759174,3788.7665926300724,1.4078145261876625,600.0000000000005,431,0,0.0,0.0,0.0,989,0,0,14,0.043037653746149034,0.021857794609015158,9713241605.509867,0.0,0,0.0,0.0,0.0,0.0,439,5,0,0,0,nan,0.3195710614214988,0.35893355310457226,0.44788096797704613,0.28186686370051794,312.54545454545456,0.42
hosted_stress,gate_srpt0,6,0.6,10,reactive_gate,683,540,18,0.03225806451612903,0.10810810810810811,540,20.56822903652892,2650.7619076700266,0.0,600.0000000000005,339,0,0.0,0.0,0.0,375,1,0,17,0.023498859265686928,0.337585068531498,6841559927.9859,0.0,0,0.0,0.0,0.0,0.0,345,14,0,0,0,nan,0.4268479648903174,0.4423741405087075,0.39961872279283217,0.2468970448936676,294.54545454545456,0.26
hosted_stress,gate_srpt0,7,0.6,10,reactive_gate,713,492,27,0.05202312138728324,0.13978494623655913,492,17.873045052615225,1971.6809866176163,0.4643236249440388,600.0000000000005,309,0,0.0,0.0,0.0,561,0,0,7,0.038071261596194624,0.4218061006032659,7437887778.180896,0.0,0,0.0,0.0,0.0,0.0,265,8,0,0,0,nan,0.35715718529617074,0.38088616718627244,0.443367408358424,0.2346175928595826,268.3636363636364,0.32
hosted_stress,gate_srpt0,8,0.6,10,reactive_gate,778,557,40,0.06700167504187604,0.23809523809523808,557,12.775289557223346,3718.199309408582,0.0,600.0000000000005,303,0,0.0,0.0,0.0,709,0,0,8,0.049866592537997405,0.5917336573624516,8406876249.963233,0.0,0,0.0,0.0,0.0,0.0,280,9,0,0,0,nan,0.33854863930523166,0.3715139422983111,0.3295041644449301,0.195455947289935,303.8181818181818,0.3
hosted_stress,gate_srpt0,9,0.6,10,reactive_gate,838,629,27,0.041158536585365856,0.14285714285714285,629,78.06033142149977,3538.4087314050125,1.0545000021826507,600.0000000000005,499,0,0.0,0.0,0.0,582,0,0,4,0.033083193442965515,0.24089172635563408,7235541254.394451,0.0,0,0.0,0.0,0.0,0.0,432,10,0,0,0,nan,0.4024245651702644,0.42579936170623855,0.5465607596760879,0.3185051261898303,343.0909090909091,0.37
hosted_stress,gate_srpt0,10,0.6,10,reactive_gate,579,451,16,0.034261241970021415,0.12307692307692308,451,207.2848220776924,2506.21284780287,2.0913274401565443,600.0000000000005,301,0,0.0,0.0,0.0,301,0,0,2,0.02315587433951961,0.33812157761148276,6216059303.027976,0.0,0,0.0,0.0,0.0,0.0,303,6,0,0,0,nan,0.43182370446038676,0.443546300691121,0.4822224646950272,0.29436386206182963,246.0,0.23
hosted_stress,lease0,1,0.6,10,lease,572,426,8,0.018433179723502304,0.06060606060606061,426,59.64706064733872,3515.7781102144804,0.0,600.0000000000005,0,0,0.0,0.0,0.0,372,0,0,0,0.006578597266897445,0.41810448876593115,6274193368.999548,884.7165976376327,10,291.6952679048661,232.59062429182336,908400.0,42268.91566825518,263,1,0,0,0,nan,0.3863134533243663,0.3929261348494262,0.4044976230574981,0.2163469981377337,232.36363636363637,0.56
hosted_stress,lease0,2,0.6,10,lease,656,482,15,0.030181086519114688,0.10948905109489052,482,66.55906200134314,2476.4656560268736,0.0,600.0000000000005,0,0,0.0,0.0,0.0,478,0,0,0,0.01725552580882055,0.3170324536374921,6464222300.477933,543.3433107097779,3,743.9625332954213,719.5615431020511,882000.0,45959.49080803245,268,0,0,0,0,nan,0.37541824977400795,0.39097867235839834,0.4325598528757123,0.2926676653372941,262.90909090909093,0.54
hosted_stress,lease0,3,0.6,10,lease,672,460,20,0.041666666666666664,0.11042944785276074,460,16.965409808986124,3215.3653567655547,0.0,600.0000000000005,0,0,0.0,0.0,0.0,666,0,0,0,0.018959000929799647,0.4773004921986528,7199561387.884719,1111.5809396466243,13,426.61821285891983,199.22803190150057,864600.0,52279.63153458695,273,6,0,0,0,nan,0.3524927035249229,0.3680814682033544,0.38995170729328543,0.2037247558209067,250.9090909090909,0.64
hosted_stress,lease0,4,0.6,10,lease,635,467,12,0.025052192066805846,0.08823529411764706,467,24.830434003607934,3647.8582652290766,0.0,600.0000000000005,0,0,0.0,0.0,0.0,502,0,0,0,0.025413958130242942,0.40914424560901125,7168956329.071874,732.7308647281178,7,97.41347874561325,63.79866467084662,928200.0,37752.04317543298,235,8,0,0,0,nan,0.3613818214685791,0.3733370982710769,0.39167592016317015,0.1597860842550525,254.72727272727275,0.56
hosted_stress,lease0,5,0.6,10,lease,822,546,53,0.08848080133555926,0.23902439024390243,546,16.91654228198945,4040.1214843663447,0.0,600.0000000000005,0,0,0.0,0.0,0.0,1269,0,0,0,0.037812920528526625,0.006473039634835645,8801751957.367811,894.7723436469349,5,381.1636157140674,372.8030045272254,903600.0,69527.63842078022,315,2,0,0,0,nan,0.31557655060703493,0.3518746913778822,0.41385615093644784,0.2959402880229365,297.8181818181818,0.8
hosted_stress,lease0,6,0.6,10,lease,663,517,10,0.018975332068311195,0.07142857142857142,517,20.445474505615948,3217.0652865182233,0.0,600.0000000000005,0,0,0.0,0.0,0.0,491,0,0,0,0.017596325064259635,0.3336339569625899,6940652881.768804,4903.599557579377,17,708.4423888434958,598.9955114898627,885600.0,39032.9556699156,213,12,0,0,0,nan,0.41651539985875274,0.4285755962260215,0.38637560271788396,0.22791526204937304,282.0,0.58
hosted_stress,lease0,7,0.6,10,lease,695,472,25,0.05030181086519115,0.1388888888888889,472,16.444760481562753,2277.9029510963624,0.0,600.0000000000005,0,0,0.0,0.0,0.0,717,0,0,0,0.017789729675683093,0.40984593338000586,6798135215.356098,444.57455858496405,2,139.62548305663154,126.49222524705556,883800.0,49051.910286156846,212,8,0,0,0,nan,0.31843526293517965,0.33732242619740693,0.4090073045762108,0.2232623140890407,257.45454545454544,0.6
hosted_stress,lease0,8,0.6,10,lease,769,537,39,0.06770833333333333,0.2229299363057325,537,13.404838924177056,3713.3145081170464,0.0,600.0000000000005,0,0,0.0,0.0,0.0,875,0,0,0,0.06292900610404782,0.6145969441699458,8353113502.275664,2114.715193837243,11,65.6487470320996,56.75227351309877,997200.0,66201.76794031571,257,6,0,0,0,nan,0.3071440891658755,0.33713050899698366,0.3225040767692955,0.1449065391739074,292.90909090909093,0.67
hosted_stress,lease0,9,0.6,10,lease,730,497,33,0.062264150943396226,0.17679558011049723,497,23.298114343539737,4606.291408213548,0.0,600.0000000000005,0,0,0.0,0.0,0.0,958,0,0,0,0.030502479941943154,0.15295268406748333,8348920156.155012,1279.5804061839735,4,520.5414313949916,243.5533510308685,819000.0,61183.634831883915,279,15,0,0,0,nan,0.3205324005898123,0.3448033848415617,0.3840771015968985,0.24853785537371748,271.0909090909091,0.76
hosted_stress,lease0,10,0.6,10,lease,555,422,10,0.023148148148148147,0.08064516129032258,422,179.68510548969073,2445.427980523945,0.455224026163089,600.0000000000005,0,0,0.0,0.0,0.0,373,0,0,0,0.010659193633909547,0.3375663724883774,6363113397.801684,412.82792304805275,1,459.17932534230215,451.1527777384913,760200.0,33519.160615955225,219,3,0,0,0,nan,0.40864763479947436,0.41901819334781204,0.45262170388581324,0.2582503815544678,230.1818181818182,0.48
hosted_stress,needs,1,0.6,10,needs,559,404,13,0.03117505995203837,0.0873015873015873,404,63.55281719134564,2810.841129525274,0.0,600.0000000000005,0,0,0.0,0.0,0.0,450,0,0,0,0.014918157274166786,0.4260533469170223,6269089456.165216,0.0,0,294.87436699365344,144.96029575773946,4621800.0,94894.7778388895,312,1,0,0,0,nan,0.37066373984948225,0.38665401448912334,0.3916825016915954,0.2110839891623424,220.36363636363637,4.71
hosted_stress,needs,2,0.6,10,needs,658,479,14,0.028397565922920892,0.08955223880597014,479,39.29051153846103,2454.865396274223,0.0,600.0000000000005,0,0,0.0,0.0,0.0,530,0,0,0,0.03231605610657965,0.32522200577106036,6589561966.44556,0.0,0,3683.6645172168946,89.69084677462439,4575000.0,88364.0281297093,295,5,0,0,0,nan,0.386039733452493,0.3978582597333396,0.42384386323572265,0.28280252639849346,261.2727272727273,5.14
hosted_stress,needs,3,0.6,10,needs,667,463,22,0.04536082474226804,0.1286549707602339,463,20.698301726607042,3610.1061653938013,0.0,600.0000000000005,0,0,0.0,0.0,0.0,705,0,0,0,0.01302002652244159,0.4884382889948426,7009873684.333279,141.22639685781758,2,156.22369053658565,75.48039023923354,4834800.0,90748.62875731604,280,4,0,0,0,nan,0.3517090604139292,0.37220977444640363,0.3962960344915501,0.1960983388945739,252.54545454545456,4.98
hosted_stress,needs,4,0.6,10,needs,630,461,17,0.03556485355648536,0.11888111888111888,461,22.79610731943876,3605.8435038749008,0.0,600.0000000000005,0,0,0.0,0.0,0.0,477,0,0,0,0.06824739286666084,0.45047879847188094,6766590644.871732,480.624340966451,1,106.82030482062225,33.43623698241083,4518000.0,90757.32928368173,271,7,0,0,0,nan,0.36032343414176465,0.37620081343230527,0.39976632212347846,0.15264692729126372,251.45454545454547,4.61
hosted_stress,needs,5,0.6,10,needs,806,519,61,0.10517241379310345,0.28502415458937197,519,14.045809590285216,4489.014766067284,0.0,600.0000000000005,0,0,0.0,0.0,0.0,1430,0,0,0,0.07450195013657264,0.016768718133209258,9438157807.99385,81.35841511318358,0,178.80195371398747,56.492231308735995,4338000.0,111748.67385514533,418,2,0,0,0,nan,0.2966086338569979,0.3343252068710076,0.3885961390629047,0.1982190445735523,283.0909090909091,5.38
hosted_stress,needs,6,0.6,10,needs,647,496,16,0.03125,0.1079136690647482,496,17.884203773845456,2713.099621240065,0.0,600.0000000000005,0,0,0.0,0.0,0.0,504,0,0,0,0.029135192445294666,0.35543066051954747,6838881693.538842,68.8168932066169,1,1065.0456066510105,361.4639604068874,4383000.0,73950.13927269314,288,15,0,0,0,nan,0.41364822181939215,0.43275308637776394,0.3822802454270267,0.20338800372013738,270.54545454545456,5.14
hosted_stress,needs,7,0.6,10,needs,703,482,29,0.05675146771037182,0.15760869565217392,482,18.473699821421633,2864.123602648301,0.0,600.0000000000005,0,0,0.0,0.0,0.0,702,0,0,0,0.022277055857819982,0.42797941580583465,6488484202.113721,0.0,0,100.7786850133266,36.00426665354735,5143800.0,90611.05916670966,218,8,0,0,0,nan,0.3409776891565159,0.3633807632932531,0.4473688528473841,0.20362050176677213,262.90909090909093,5.1
hosted_stress,needs,8,0.6,10,needs,786,564,35,0.05843071786310518,0.2073170731707317,564,13.73659445957503,3656.099681012577,0.0,600.0000000000005,0,0,0.0,0.0,0.0,826,0,0,0,0.04699983572964994,0.5756303243805488,8367794076.1764145,30.574077722148786,1,101.87997882346411,37.89559695162177,5095200.0,102568.18614329386,301,7,0,0,0,nan,0.31995907489738895,0.34711437753145036,0.33750731837202147,0.18123387681388617,307.6363636363636,5.3
hosted_stress,needs,9,0.6,10,needs,785,556,30,0.051194539249146756,0.16853932584269662,556,44.078936886091356,3746.3872204419076,0.0,600.0000000000005,0,0,0.0,0.0,0.0,888,0,0,0,0.02251635974524166,0.06820644500699927,6866399775.581304,0.0,0,91.15431378791766,26.671722443943622,4646400.0,100760.54001393847,367,9,0,0,0,nan,0.3445286020307112,0.368686428810387,0.45851435456326084,0.29969728599370965,303.2727272727273,6.2
hosted_stress,needs,10,0.6,10,needs,575,451,11,0.023809523809523808,0.08943089430894309,451,205.37378293045913,2219.759493341595,0.0,600.0000000000005,0,0,0.0,0.0,0.0,356,0,0,0,0.0156125204647055,0.3300348196360812,5530700315.188016,30.238691548200222,1,130.94381577335918,73.65816817980425,4229400.0,69571.54123318596,254,4,0,0,0,nan,0.42496638602439807,0.44046768782203455,0.48305708782132223,0.28673235473479974,246.0,5.46
hosted_stress,needs_pre,1,0.6,10,needs,579,432,11,0.024830699774266364,0.08461538461538462,432,66.91536688034188,3491.4480221645035,0.0,600.0000000000005,0,0,0.0,0.0,0.0,429,0,0,0,0.015101526056594781,0.41877036398035317,6383069338.835527,0.0,0,119.40428804757119,52.19052754393795,4737000.0,94595.1748857679,291,1,0,0,0,nan,0.3842627827839656,0.39474140156104864,0.41591899725621606,0.21831418118569526,235.63636363636365,4.96
hosted_stress,needs_pre,2,0.6,10,needs,627,451,20,0.04246284501061571,0.14184397163120568,451,51.165840659476316,2532.641346422579,0.0,600.0000000000005,0,0,0.0,0.0,0.0,533,0,0,0,0.028770805365800747,0.30265377634924456,6905306617.282695,0.0,0,3889.1847099755996,91.6565066285055,4380600.0,86791.31423310144,276,13,0,0,0,nan,0.3714105146855183,0.3881904232206177,0.41280070067259134,0.28839152851689326,246.0,5.03
hosted_stress,needs_pre,3,0.6,10,needs,683,468,20,0.040983606557377046,0.12345679012345678,468,20.13153569588144,3787.171623233448,0.0,600.0000000000005,0,0,0.0,0.0,0.0,751,0,0,0,0.011911482591956873,0.48382807230297287,7359718704.147635,181.88692760468763,1,315.18836819689545,124.59405916154458,4653600.0,87593.372017931,316,6,0,0,0,nan,0.3369251250698839,0.35459191400671813,0.3908458320180977,0.2005345586878413,255.27272727272728,5.05
hosted_stress,needs_pre,4,0.6,10,needs,599,412,25,0.057208237986270026,0.17777777777777778,412,14.975764129519177,3461.1943863735232,0.0,600.0000000000005,0,0,0.0,0.0,0.0,596,0,0,0,0.04392754871963007,0.4946440740527491,7131242825.443014,109.26580958524391,1,155.71533206619665,62.44466789603871,4104600.0,88612.21605303422,249,7,0,0,0,nan,0.3221330554400486,0.3450861545555474,0.3564737841070967,0.1311329190836239,224.72727272727275,4.13
hosted_stress,needs_pre,5,0.6,10,needs,848,571,57,0.09076433121019108,0.25728155339805825,571,17.66964999999982,3896.802098208113,0.0,600.0000000000005,0,0,0.0,0.0,0.0,1294,0,0,0,0.05005229652358196,0.008701171597719326,9222812883.46158,237.07047650365803,1,176.1899344637253,83.8981524764501,4603800.0,112538.89531167406,384,2,0,0,0,nan,0.30501171028186486,0.34151533983596677,0.43164330973598164,0.2570699058641653,311.45454545454544,5.78
hosted_stress,needs_pre,6,0.6,10,needs,653,500,10,0.0196078431372549,0.0661764705882353,500,19.378009457065218,3195.6605062221274,0.0,600.0000000000005,0,0,0.0,0.0,0.0,518,0,0,0,0.017762579828055555,0.3489593336143994,6795087920.476922,0.46797880451629226,1,860.758675436564,294.5049827071183,4352400.0,70657.04076073163,280,15,0,0,0,nan,0.42906487298426005,0.4391057782409604,0.3870161828784642,0.2105009911030224,272.72727272727275,5.21
hosted_stress,needs_pre,7,0.6,10,needs,722,500,20,0.038461538461538464,0.11494252873563218,500,21.22589165512113,2938.44193921274,0.0,600.0000000000005,0,0,0.0,0.0,0.0,678,0,0,0,0.032681016005385644,0.4557987239956748,6189125454.834042,188.5444903008664,1,246.59578933991236,106.69084691405158,4893000.0,90514.09014455925,253,8,0,0,0,nan,0.34376191163075787,0.35900974299335114,0.4527494896561772,0.2193770914465837,272.72727272727275,5.39
hosted_stress,needs_pre,8,0.6,10,needs,812,601,29,0.046031746031746035,0.16875,601,13.977447656204049,3623.3273325352443,0.0,600.0000000000005,0,0,0.0,0.0,0.0,796,0,0,0,0.0439718956184218,0.562411875207102,8167154744.302767,79.81430804184902,2,171.67106487767177,64.25566989255805,5487600.0,103873.19113998,308,6,0,0,0,nan,0.34814997238717243,0.3724089038951157,0.36764775082556334,0.2040301049422736,327.8181818181818,5.83
hosted_stress,needs_pre,9,0.6,10,needs,737,492,36,0.06818181818181818,0.20958083832335328,492,23.33829506285747,4590.670953775032,0.0,600.0000000000005,0,0,0.0,0.0,0.0,1063,0,0,0,0.02602019508769865,0.1231829333807777,7637520353.676981,0.0,0,4659.675465297677,475.0058935430869,4189200.0,104343.78650471404,363,28,0,0,0,nan,0.3077087404069545,0.33622825587184174,0.4221778839638371,0.21744757173451987,268.3636363636364,5.51
hosted_stress,needs_pre,10,0.6,10,needs,568,439,8,0.017897091722595078,0.06349206349206349,439,187.16366899397735,2404.4410452848388,0.4858172536679858,600.0000000000005,0,0,0.0,0.0,0.0,388,0,0,0,0.01649472403030705,0.33123596335446587,6018407259.095094,34.90524249614623,1,383.34664319048574,143.4123293107575,4296600.0,77733.68685856515,245,4,0,0,0,nan,0.41662798965837033,0.42691107161834996,0.4696530173813455,0.2695727626453929,239.45454545454547,5.14
hosted_stress,needs_jev,1,0.6,10,needs,564,422,6,0.014018691588785047,0.03787878787878788,422,68.3860195778235,3544.982530308564,0.0,600.0000000000005,0,0,0.0,0.0,0.0,403,0,0,0,0.0075072733588879845,0.42662231742325696,5734783848.471287,0.0,0,835.1370421762931,344.3977614277021,4735800.0,87731.40456298675,305,2,0,0,0,nan,0.39427006535862086,0.40134693151694284,0.4052806163639602,0.20897037375334396,230.1818181818182,16.03
hosted_stress,needs_jev,2,0.6,10,needs,635,455,21,0.04411764705882353,0.13286713286713286,455,42.336787179487146,2413.82522346142,0.0,600.0000000000005,0,0,0.0,0.0,0.0,535,0,0,0,0.03758665787205112,0.2910088736980205,6742779395.127254,49.0458551561656,0,364.360757649923,148.25911425303752,4436400.0,93093.6820810511,286,12,0,0,0,nan,0.37858164716298026,0.39472126228884935,0.40650895128367004,0.28077641259949765,248.1818181818182,16.96
hosted_stress,needs_jev,3,0.6,10,needs,642,430,20,0.044444444444444446,0.1144578313253012,430,14.94635920749954,3283.0233658247234,0.0,600.0000000000005,0,0,0.0,0.0,0.0,709,0,0,0,0.02746818465317364,0.4836354420073608,7179162879.786096,345.7060585152214,0,144.4588691433807,53.414115316752316,4695000.0,88960.1387243029,280,6,0,0,0,nan,0.3430790135360698,0.3589560897069079,0.376273940879144,0.1918865837744549,234.54545454545456,16.2
hosted_stress,needs_jev,4,0.6,10,needs,607,428,20,0.044642857142857144,0.14285714285714285,428,17.64778748510821,3575.191474032468,0.0,600.0000000000005,0,0,0.0,0.0,0.0,522,0,0,0,0.07286550698451508,0.48228680689550574,7288481542.980555,106.33786780436185,1,321.9104724877161,105.74193601884281,4469400.0,91324.8214295228,270,8,0,0,0,nan,0.3441459764881008,0.36156771607567323,0.386963049485237,0.1377823734873893,233.45454545454547,14.22
hosted_stress,needs_jev,5,0.6,10,needs,806,517,53,0.09298245614035087,0.2602040816326531,517,12.757529578581853,4362.000652666801,0.0,600.0000000000005,0,0,0.0,0.0,0.0,1472,0,0,0,0.060422852612349656,0.012925032029323682,9600941920.697323,134.74325940200276,1,134.6054601400898,57.032308991534876,4388400.0,116538.84289514103,375,3,0,0,0,nan,0.2880781522881509,0.3184246273876664,0.38162693649232715,0.21522203208488114,282.0,18.01
hosted_stress,needs_jev,6,0.6,10,needs,646,500,12,0.0234375,0.07801418439716312,500,19.030496610043883,2696.4461777330375,0.0,600.0000000000005,0,0,0.0,0.0,0.0,503,0,0,0,0.07198490950762028,0.3631429204330324,7249913212.065446,0.0,0,1595.8162119347821,505.3892398235614,4287000.0,78316.44906671574,274,14,0,0,0,nan,0.4196617162556371,0.4336062560209343,0.37902736053240743,0.19775786278927987,272.72727272727275,15.64
hosted_stress,needs_jev,7,0.6,10,needs,724,500,26,0.049429657794676805,0.1452513966480447,500,20.38691193392492,2287.8267082784373,1.0789596629223464,600.0000000000005,0,0,0.0,0.0,0.0,684,0,0,0,0.04522973745200921,0.41276987102149765,6402968913.208166,79.70662588162787,1,245.27102338987652,68.57113323900228,4934400.0,88600.83950772935,238,8,0,0,0,nan,0.34303234105719843,0.3638084203854453,0.4454505456204675,0.22565182874324727,272.72727272727275,15.84
hosted_stress,needs_jev,8,0.6,10,needs,814,604,25,0.0397456279809221,0.14814814814814814,604,14.196093832478937,3599.7717224494754,0.0,600.0000000000005,0,0,0.0,0.0,0.0,789,0,0,0,0.022736960788546357,0.5488431645868405,8447098777.9171095,116.71499824743591,1,362.0832817770793,89.19851925957875,5314800.0,101278.12590912687,309,7,0,0,0,nan,0.34649772763248116,0.36720013747557834,0.3548807766486985,0.20818677442029684,329.4545454545455,18.01
hosted_stress,needs_jev,9,0.6,10,needs,745,508,37,0.06788990825688074,0.19553072625698323,508,26.020883389433266,3590.144102848534,0.0,600.0000000000005,0,0,0.0,0.0,0.0,980,0,0,0,0.027502266075173844,0.13609163954093167,7464590321.1312275,0.0,0,3942.178613009218,198.1137690607103,4213200.0,93611.26039570077,358,22,0,0,0,nan,0.32015547555974444,0.3493976311932184,0.4119888243856838,0.23148926200571204,277.0909090909091,16.61
hosted_stress,needs_jev,10,0.6,10,needs,580,448,11,0.023965141612200435,0.08064516129032258,448,212.74930690511633,2961.8291875358946,0.0,600.0000000000005,0,0,0.0,0.0,0.0,356,0,0,0,0.031929748705288905,0.3238756389308206,5614049860.538994,132.7368602821084,2,180.64441813802796,86.38326628062521,4071600.0,72624.03615783721,249,3,0,0,0,nan,0.4260868239354209,0.4389334200154339,0.47371502524443154,0.29733809979005915,244.36363636363637,16.85
hosted_stress,oracle0,1,0.6,10,clairvoyant,655,547,5,0.009057971014492754,0.03355704697986577,547,95.92443995250073,2608.7017147565944,0.26425519743053855,600.0000000000005,0,0,0.0,0.0,0.0,213,0,0,0,0.0034975894670690394,0.3855542453179848,3361193476.318349,57.0,19,0.0,0.0,0.0,0.0,294,2,0,0,0,nan,0.509023708944197,0.5149844660168371,0.5511955934060153,0.23511546163038952,298.3636363636364,0.33
hosted_stress,oracle0,2,0.6,10,clairvoyant,765,624,12,0.018867924528301886,0.0759493670886076,624,85.04373593009223,2270.1614218931154,14.762814142933811,600.0000000000005,0,0,0.0,0.0,0.0,337,1,0,0,0.02881745675760831,0.27728402160328014,3070504360.1962543,42.0,14,0.0,0.0,0.0,0.0,294,9,0,0,0,nan,0.5042707279125089,0.5148526394233129,0.6094128960154429,0.3385359879857062,340.3636363636364,0.34
hosted_stress,oracle0,3,0.6,10,clairvoyant,759,577,21,0.03511705685618729,0.11170212765957446,577,37.002270940171,3020.684685686317,2.030963378309468,600.0000000000005,0,0,0.0,0.0,0.0,442,0,0,0,0.02005649486602186,0.44428718394321587,4106712395.9914255,141.0,47,0.0,0.0,0.0,0.0,299,6,0,0,0,nan,0.44104146487857937,0.46176029955578457,0.5361342929009648,0.22227859746019168,314.72727272727275,0.36
hosted_stress,oracle0,4,0.6,10,clairvoyant,716,573,8,0.013769363166953529,0.05161290322580645,573,56.9100697222143,3408.656557157613,2.3241701418852867,600.0000000000005,0,0,0.0,0.0,0.0,260,0,0,0,0.008976412829319052,0.3069787914356333,3626486941.0158978,63.0,21,0.0,0.0,0.0,0.0,267,7,0,0,0,nan,0.477974862219772,0.48956116420465745,0.5792156300343176,0.2047665373821832,312.54545454545456,0.32
hosted_stress,oracle0,5,0.6,10,clairvoyant,929,675,43,0.05988857938718663,0.17757009345794392,675,26.520909341027618,3973.033502417295,3.852013740365304,600.0000000000005,0,0,0.0,0.0,0.0,895,0,0,0,0.03595440543385989,0.07258778321004825,6764761343.088213,38.99999999999997,13,0.0,0.0,0.0,0.0,364,4,0,0,0,nan,0.3602545357952264,0.3910213404139074,0.5788834705832363,0.2682340727184776,368.1818181818182,0.47
hosted_stress,oracle0,6,0.6,10,clairvoyant,740,607,8,0.013008130081300813,0.04794520547945205,607,25.807336128984844,1815.1085494920471,0.4831086326785526,600.0000000000005,0,0,0.0,0.0,0.0,323,0,0,0,0.018258423285008485,0.32253859445753635,4122116838.4417357,171.0,57,0.0,0.0,0.0,0.0,272,14,0,0,0,nan,0.5218606870048883,0.5326972063092393,0.5151069832782958,0.2680352052952405,331.0909090909091,0.32
hosted_stress,oracle0,7,0.6,10,clairvoyant,782,602,17,0.027463651050080775,0.08292682926829269,602,37.255243162619536,2343.799762031934,1.6731252648272856,600.0000000000005,0,0,0.0,0.0,0.0,408,0,0,0,0.006894666279008259,0.33302478414117337,4143363753.3862395,27.0,9,0.0,0.0,0.0,0.0,238,8,0,0,0,nan,0.4551324176624716,0.4747300492649605,0.5701867870653652,0.2470704747473571,328.3636363636364,0.36
hosted_stress,oracle0,8,0.6,10,clairvoyant,901,723,23,0.030831099195710455,0.12568306010928962,723,19.243692391379227,3421.7566590216998,0.0,600.0000000000005,0,0,0.0,0.0,0.0,546,0,0,0,0.01803108839821874,0.5309491218379363,5017991960.103701,120.0,40,0.0,0.0,0.0,0.0,287,6,0,0,0,nan,0.4305496966778727,0.4532813020117348,0.4819534967058405,0.21312568732628193,394.3636363636364,0.35
hosted_stress,oracle0,9,0.6,10,clairvoyant,839,650,26,0.038461538461538464,0.11764705882352941,650,72.95374065541796,3203.04796558585,3.477038339468754,600.0000000000005,0,0,0.0,0.0,0.0,524,0,0,0,0.017426725369961055,0.18388456451203206,5096305921.3506155,9.0,3,0.0,0.0,0.0,0.0,320,7,0,0,0,nan,0.43649374796436774,0.4624135754617777,0.6070721051500583,0.2899825529690125,354.54545454545456,0.43
hosted_stress,oracle0,10,0.6,10,clairvoyant,623,509,10,0.019267822736030827,0.072992700729927,509,136.54979880229553,2981.586779904805,4.387030168017615,600.0000000000005,0,0,0.0,0.0,0.0,284,0,0,0,0.008413963522382658,0.27697203189960035,3174395096.25661,45.0,15,0.0,0.0,0.0,0.0,292,3,0,0,0,nan,0.552799416776847,0.5689173252355968,0.6036957082362083,0.3327021060817654,277.6363636363636,0.29
